time_s,elapsed_s,T_bead_center_K,T_bead_avg_K,OF_Q_bead_total_raw_W,OF_Q_bead_conv_raw_W,OF_Q_jacket_total_raw_W,OF_Q_jacket_conv_raw_W,T_bead_center_C,T_bead_avg_C,Q_air_to_bead_total_W,Q_air_to_bead_conv_W,Q_air_to_bead_rad_W,Q_jacket_to_air_total_W,Q_jacket_to_air_conv_W,Q_jacket_to_air_rad_W
0.0,0.0,296.775,296.775,nan,nan,nan,nan,23.625,23.625,nan,nan,nan,nan,nan,nan
0.1,0.1,296.80267,296.823095,-0.0261648771,0.000245352327,54.7636424,46.970332,23.65267,23.673095000000046,0.0261648771,-0.000245352327,0.026410229427,54.7636424,46.970332,7.793310400000003
0.2,0.2,296.85022,296.870763,-0.0259247938,0.000478380243,53.9298093,46.1365124,23.70022,23.720763000000034,0.0259247938,-0.000478380243,0.026403174042999997,53.9298093,46.1365124,7.793296900000001
0.3,0.3,296.8977,296.91808,-0.0257838103,0.000612195096,53.8798444,46.0865523,23.74770000000001,23.768079999999998,0.0257838103,-0.000612195096,0.026396005396,53.8798444,46.0865523,7.793292100000002
0.4,0.4,296.94484,296.965041,-0.0255681274,0.000820696499,53.9184198,46.1251305,23.794840000000022,23.815041000000008,0.0255681274,-0.000820696499,0.026388823899,53.9184198,46.1251305,7.793289300000005
0.5,0.5,296.99163,297.011653,-0.0253845619,0.000996999705,53.9009211,46.1076318,23.84163000000001,23.861653000000047,0.0253845619,-0.000996999705,0.026381561605000003,53.9009211,46.1076318,7.793289299999998
0.6,0.6,297.03807,297.057916,-0.0251935117,0.00118082306,53.9035718,46.1102826,23.888070000000027,23.907916,0.0251935117,-0.00118082306,0.02637433476,53.9035718,46.1102826,7.793289200000004
0.7,0.7,297.08416,297.103833,-0.0250055411,0.00136172461,53.9051013,46.1118139,23.93416000000002,23.95383300000003,0.0250055411,-0.00136172461,0.02636726571,53.9051013,46.1118139,7.793287399999997
0.8,0.8,297.1299,297.149407,-0.0248170516,0.00154309247,53.9050402,46.1117528,23.979900000000043,23.99940700000002,0.0248170516,-0.00154309247,0.02636014407,53.9050402,46.1117528,7.793287400000004
0.9,0.9,297.17531,297.194642,-0.0246289983,0.00172407386,53.9050873,46.1117999,24.025310000000047,24.04464200000001,0.0246289983,-0.00172407386,0.02635307216,53.9050873,46.1117999,7.793287399999997
1.0,1.0,297.22038,297.23954,-0.0244516057,0.00189457058,53.9037574,46.1104724,24.07038,24.08954,0.0244516057,-0.00189457058,0.02634617628,53.9037574,46.1104724,7.7932850000000045
1.1,1.1,297.26511,297.284105,-0.0242717563,0.00206826383,53.903056,46.1097878,24.115110000000016,24.134105000000034,0.0242717563,-0.00206826383,0.02634002013,53.903056,46.1097878,7.7932682
1.2,1.2,297.30951,297.328339,-0.0240915226,0.00224171388,53.9030536,46.1097883,24.15951000000001,24.17833900000005,0.0240915226,-0.00224171388,0.02633323648,53.9030536,46.1097883,7.793265300000002
1.3,1.3,297.35358,297.372245,-0.0239092602,0.00241731339,53.9030632,46.109802,24.203580000000045,24.222245000000044,0.0239092602,-0.00241731339,0.02632657359,53.9030632,46.109802,7.793261199999996
1.4,1.4,297.39733,297.415825,-0.0237304169,0.00258976922,53.9031855,46.1099337,24.247330000000034,24.265825000000007,0.0237304169,-0.00258976922,0.02632018612,53.9031855,46.1099337,7.7932518
1.5,1.5,297.44074,297.45908,-0.0235571457,0.00275662212,53.9046278,46.1113834,24.290740000000028,24.309079999999994,0.0235571457,-0.00275662212,0.02631376782,53.9046278,46.1113834,7.793244399999999
1.6,1.6,297.48384,297.502016,-0.0233825644,0.00292505114,53.9051176,46.1118856,24.33384000000001,24.35201600000005,0.0233825644,-0.00292505114,0.02630761554,53.9051176,46.1118856,7.793231999999996
1.7,1.7,297.52661,297.544632,-0.0232077339,0.0030934757,53.9050609,46.1118349,24.376610000000028,24.394632,0.0232077339,-0.0030934757,0.0263012096,53.9050609,46.1118349,7.793226000000004
1.8,1.8,297.56907,297.586931,-0.0230318073,0.00326277731,53.9050591,46.1118332,24.419070000000033,24.436931000000016,0.0230318073,-0.00326277731,0.026294584609999998,53.9050591,46.1118332,7.793225900000003
1.9,1.9,297.61121,297.628916,-0.0228638787,0.00342481295,53.9044094,46.1111979,24.46121000000005,24.478916000000027,0.0228638787,-0.00342481295,0.02628869165,53.9044094,46.1111979,7.793211499999998
2.0,2.0,297.65304,297.670589,-0.0226967185,0.00358601399,53.9032492,46.1100501,24.50304,24.52058900000003,0.0226967185,-0.00358601399,0.026282732490000002,53.9032492,46.1100501,7.793199099999995
2.1,2.1,297.69456,297.711954,-0.0225284901,0.00374774156,53.9029125,46.1097134,24.544560000000047,24.561954000000014,0.0225284901,-0.00374774156,0.02627623166,53.9029125,46.1097134,7.7931991000000025
2.2,2.2,297.73577,297.75301,-0.0223591305,0.0039106615,53.9030074,46.1098083,24.585770000000025,24.60301000000004,0.0223591305,-0.0039106615,0.026269792,53.9030074,46.1098083,7.7931991000000025
2.3,2.3,297.77668,297.79376,-0.0221897647,0.00407370394,53.9030147,46.1098173,24.62668000000002,24.643760000000043,0.0221897647,-0.00407370394,0.02626346864,53.9030147,46.1098173,7.793197399999997
2.4,2.4,297.81728,297.834208,-0.022027735,0.00422995496,53.9040928,46.1109075,24.667280000000005,24.684208000000012,0.022027735,-0.00422995496,0.02625768996,53.9040928,46.1109075,7.7931852999999975
2.5,2.5,297.85758,297.874356,-0.0218638548,0.0043875179,53.9049499,46.1117646,24.707580000000007,24.724356,0.0218638548,-0.0043875179,0.026251372699999997,53.9049499,46.1117646,7.7931852999999975
2.6,2.6,297.89758,297.914204,-0.021701256,0.00454384387,53.9050809,46.1118956,24.747580000000028,24.764204000000007,0.021701256,-0.00454384387,0.026245099869999997,53.9050809,46.1118956,7.793185300000005
2.7,2.7,297.93728,297.953756,-0.0215370271,0.00470185289,53.9050427,46.1118574,24.78728000000001,24.80375600000002,0.0215370271,-0.00470185289,0.026238879990000002,53.9050427,46.1118574,7.793185300000005
2.8,2.8,297.97668,297.993014,-0.0213740977,0.00485893163,53.9050157,46.1118371,24.82668000000001,24.84301400000004,0.0213740977,-0.00485893163,0.02623302933,53.9050157,46.1118371,7.793178599999997
2.9,2.9,298.01579,298.03198,-0.0212213674,0.00500585847,53.9036243,46.1104526,24.865790000000004,24.88198,0.0212213674,-0.00500585847,0.02622722587,53.9036243,46.1104526,7.793171699999995
3.0,3.0,298.05461,298.070656,-0.0210645665,0.005156559,53.9029812,46.1098095,24.904610000000048,24.920656000000008,0.0210645665,-0.005156559,0.026221125499999998,53.9029812,46.1098095,7.793171700000002
3.1,3.1,298.09314,298.109044,-0.0209075425,0.00530752586,53.9029791,46.1098074,24.943140000000028,24.959044000000006,0.0209075425,-0.00530752586,0.02621506836,53.9029791,46.1098074,7.793171700000002
3.2,3.2,298.13139,298.147146,-0.0207490551,0.00546000264,53.902986,46.1098143,24.981390000000033,24.997146000000043,0.0207490551,-0.00546000264,0.02620905774,53.902986,46.1098143,7.793171700000002
3.3,3.3,298.16935,298.184965,-0.0205945609,0.00560871749,53.9032834,46.1101153,25.01935000000003,25.034965,0.0205945609,-0.00560871749,0.02620327839,53.9032834,46.1101153,7.793168100000003
3.4,3.4,298.20703,298.222503,-0.0204428877,0.00575499705,53.9046588,46.1115017,25.057029999999997,25.07250300000004,0.0204428877,-0.00575499705,0.026197884749999997,53.9046588,46.1115017,7.793157100000002
3.5,3.5,298.24443,298.259762,-0.0202906366,0.00590136373,53.9050916,46.1119344,25.094430000000045,25.109762000000046,0.0202906366,-0.00590136373,0.02619200033,53.9050916,46.1119344,7.793157199999996
3.6,3.6,298.28155,298.296743,-0.0201385458,0.0060476128,53.9050252,46.1118681,25.131550000000004,25.146743000000015,0.0201385458,-0.0060476128,0.026186158600000002,53.9050252,46.1118681,7.793157099999995
3.7,3.7,298.3184,298.333449,-0.0199855712,0.00619478256,53.9050206,46.1118635,25.16840000000002,25.183448999999996,0.0199855712,-0.00619478256,0.02618035376,53.9050206,46.1118635,7.793157100000002
3.8,3.8,298.35497,298.369881,-0.0198400579,0.00633462064,53.9042432,46.1110878,25.204970000000003,25.219881000000044,0.0198400579,-0.00633462064,0.02617467854,53.9042432,46.1110878,7.793155400000003
3.9,3.9,298.39127,298.406042,-0.0196948536,0.0064744674,53.9031717,46.1100236,25.241270000000043,25.256042000000036,0.0196948536,-0.0064744674,0.026169321,53.9031717,46.1100236,7.793148100000003
4.0,4.0,298.4273,298.441935,-0.0195491909,0.00661472763,53.9029071,46.1097647,25.277300000000025,25.291935000000024,0.0195491909,-0.00661472763,0.02616391853,53.9029071,46.1097647,7.793142400000001
4.1,4.1,298.46306,298.477561,-0.0194016972,0.00675657914,53.9029768,46.1098344,25.313060000000007,25.327561000000003,0.0194016972,-0.00675657914,0.02615827634,53.9029768,46.1098344,7.793142400000001
4.2,4.2,298.49855,298.512922,-0.0192558924,0.0068980179,53.902961,46.1098448,25.348550000000046,25.362922000000026,0.0192558924,-0.0068980179,0.0261539103,53.902961,46.1098448,7.7931162
4.3,4.3,298.53377,298.548022,-0.0191160777,0.00703389825,53.904063,46.1109806,25.383770000000027,25.398022000000026,0.0191160777,-0.00703389825,0.02614997595,53.904063,46.1109806,7.793082400000003
4.4,4.4,298.56874,298.582862,-0.0189742231,0.00717103861,53.9048702,46.1118051,25.418740000000014,25.432862,0.0189742231,-0.00717103861,0.02614526171,53.9048702,46.1118051,7.7930651
4.5,4.5,298.60345,298.617445,-0.0188333547,0.00730685791,53.9049562,46.1119005,25.453450000000032,25.467444999999998,0.0188333547,-0.00730685791,0.026140212609999998,53.9049562,46.1119005,7.793055700000004
4.6,4.6,298.6379,298.65177,-0.0186908284,0.00744394373,53.9049308,46.1118752,25.487900000000025,25.501770000000022,0.0186908284,-0.00744394373,0.02613477213,53.9049308,46.1118752,7.793055600000002
4.7,4.7,298.6721,298.68584,-0.0185490267,0.00758034151,53.9049521,46.1118965,25.522100000000023,25.535840000000007,0.0185490267,-0.00758034151,0.026129368209999997,53.9049521,46.1118965,7.793055600000002
4.8,4.8,298.70605,298.719656,-0.0184165744,0.00770742723,53.9034955,46.1104398,25.556050000000027,25.56965600000001,0.0184165744,-0.00770742723,0.02612400163,53.9034955,46.1104398,7.7930556999999965
4.9,4.9,298.73974,298.75322,-0.0182807513,0.00783800593,53.9028377,46.1097837,25.589740000000006,25.60322000000002,0.0182807513,-0.00783800593,0.026118757229999998,53.9028377,46.1097837,7.793053999999998
5.0,5.0,298.77318,298.786534,-0.018145272,0.00796897945,53.9029007,46.1098636,25.623180000000048,25.63653400000004,0.018145272,-0.00796897945,0.02611425145,53.9029007,46.1098636,7.793037099999999
5.1,5.1,298.80638,298.819602,-0.0180077231,0.00810176406,53.9028876,46.10986,25.656380000000013,25.669601999999998,0.0180077231,-0.00810176406,0.02610948716,53.9028876,46.10986,7.793027600000002
5.2,5.2,298.83933,298.852424,-0.0178737007,0.00823057283,53.9034207,46.110393,25.68933000000004,25.702424000000008,0.0178737007,-0.00823057283,0.02610427353,53.9034207,46.110393,7.793027699999996
5.3,5.3,298.87203,298.885,-0.0177407983,0.00835829976,53.9046241,46.1115964,25.722030000000018,25.735000000000014,0.0177407983,-0.00835829976,0.02609909806,53.9046241,46.1115964,7.793027699999996
5.4,5.4,298.90449,298.917335,-0.0176084524,0.0084855051,53.9049999,46.1119722,25.754490000000033,25.767335000000003,0.0176084524,-0.0084855051,0.0260939575,53.9049999,46.1119722,7.793027700000003
5.5,5.5,298.9367,298.949428,-0.0174761195,0.0086129049,53.9049245,46.1119003,25.786699999999996,25.799428000000034,0.0174761195,-0.0086129049,0.0260890244,53.9049245,46.1119003,7.793024199999998
5.6,5.6,298.96867,298.981282,-0.017343518,0.00874060362,53.9049235,46.1119025,25.818669999999997,25.831282000000044,0.017343518,-0.00874060362,0.026084121619999998,53.9049235,46.1119025,7.793021000000003
5.7,5.7,299.0004,299.0129,-0.0172188088,0.00886060953,53.9040138,46.1109996,25.850400000000036,25.862900000000025,0.0172188088,-0.00886060953,0.02607941833,53.9040138,46.1109996,7.793014200000002
5.8,5.8,299.03189,299.044282,-0.0170920439,0.00898237782,53.9030535,46.1100392,25.88189,25.894282000000032,0.0170920439,-0.00898237782,0.026074421719999998,53.9030535,46.1100392,7.793014299999996
5.9,5.9,299.06316,299.07543,-0.016965554,0.00910414519,53.9028067,46.1097973,25.913160000000005,25.925430000000006,0.016965554,-0.00910414519,0.02606969919,53.9028067,46.1097973,7.7930094000000025
6.0,6.0,299.09419,299.106347,-0.0168377205,0.00922705707,53.9028897,46.1098802,25.94419000000005,25.95634700000005,0.0168377205,-0.00922705707,0.02606477757,53.9028897,46.1098802,7.793009500000004
6.1,6.1,299.12499,299.137033,-0.0167098615,0.00935019799,53.9028856,46.1098797,25.974990000000048,25.987032999999997,0.0167098615,-0.00935019799,0.02606005949,53.9028856,46.1098797,7.793005899999997
6.2,6.2,299.15556,299.167491,-0.0165869278,0.0094685341,53.9041556,46.1111548,26.005560000000003,26.017491000000007,0.0165869278,-0.0094685341,0.0260554619,53.9041556,46.1111548,7.7930008000000015
6.3,6.3,299.18591,299.197722,-0.0164631787,0.00958772092,53.904883,46.1118874,26.03591,26.04772200000002,0.0164631787,-0.00958772092,0.02605089962,53.904883,46.1118874,7.792995599999998
6.4,6.4,299.21604,299.227728,-0.0163406867,0.00970542936,53.9049088,46.1119133,26.066040000000044,26.077728000000036,0.0163406867,-0.00970542936,0.02604611606,53.9049088,46.1119133,7.7929955000000035
6.5,6.5,299.24594,299.257511,-0.0162162327,0.0098251323,53.9048998,46.1119043,26.09594000000004,26.107511000000045,0.0162162327,-0.0098251323,0.026041365,53.9048998,46.1119043,7.7929955000000035
6.6,6.6,299.27562,299.287071,-0.0160942642,0.00994246403,53.9048396,46.1118456,26.125620000000026,26.13707100000005,0.0160942642,-0.00994246403,0.02603672823,53.9048396,46.1118456,7.792994
6.7,6.7,299.30507,299.316411,-0.0159798349,0.0100522044,53.9033672,46.1103732,26.155070000000023,26.16641100000004,0.0159798349,-0.0100522044,0.0260320393,53.9033672,46.1103732,7.792994
6.8,6.8,299.3343,299.345533,-0.0158620393,0.0101658377,53.902824,46.1098399,26.184300000000007,26.19553300000001,0.0158620393,-0.0101658377,0.026027876999999998,53.902824,46.1098399,7.792984100000005
6.9,6.9,299.36331,299.374438,-0.0157437807,0.0102798332,53.9028491,46.1098722,26.213310000000035,26.22443800000002,0.0157437807,-0.0102798332,0.0260236139,53.9028491,46.1098722,7.792976899999999
7.0,7.0,299.3921,299.403129,-0.0156242357,0.0103947991,53.9028575,46.1098806,26.24210000000005,26.253129,0.0156242357,-0.0103947991,0.0260190348,53.9028575,46.1098806,7.792976900000006
7.1,7.1,299.42068,299.431605,-0.0155078823,0.0105065946,53.9035703,46.1105934,26.270680000000027,26.281605000000013,0.0155078823,-0.0105065946,0.0260144769,53.9035703,46.1105934,7.792976899999999
7.2,7.2,299.44904,299.459869,-0.015391709,0.0106182507,53.9046466,46.1116696,26.299040000000048,26.30986900000005,0.015391709,-0.0106182507,0.0260099597,53.9046466,46.1116696,7.7929770000000005
7.3,7.3,299.4772,299.487923,-0.0152769278,0.0107287102,53.9049613,46.1119876,26.327200000000005,26.337923000000046,0.0152769278,-0.0107287102,0.026005637999999998,53.9049613,46.1119876,7.7929736999999975
7.4,7.4,299.50515,299.515768,-0.0151622848,0.0108389728,53.9048891,46.1119169,26.355150000000037,26.365768000000003,0.0151622848,-0.0108389728,0.0260012576,53.9048891,46.1119169,7.792972200000001
7.5,7.5,299.53289,299.543405,-0.0150467642,0.0109501602,53.9048877,46.1119173,26.38289000000003,26.39340500000003,0.0150467642,-0.0109501602,0.0259969244,53.9048877,46.1119173,7.7929704000000015
7.6,7.6,299.56043,299.570836,-0.0149394573,0.0110532632,53.9037829,46.1108161,26.41043000000002,26.42083600000001,0.0149394573,-0.0110532632,0.0259927205,53.9037829,46.1108161,7.792966800000002
7.7,7.7,299.58776,299.598063,-0.0148299099,0.0111585411,53.9029534,46.1099886,26.437760000000026,26.448063000000047,0.0148299099,-0.0111585411,0.025988451000000003,53.9029534,46.1099886,7.7929648
7.8,7.8,299.6149,299.625087,-0.0147195376,0.0112645882,53.9028325,46.1098676,26.4649,26.47508700000003,0.0147195376,-0.0112645882,0.0259841258,53.9028325,46.1098676,7.792964900000001
7.9,7.9,299.64183,299.651909,-0.014608024,0.0113718913,53.9028336,46.1098705,26.49183000000005,26.501909000000012,0.014608024,-0.0113718913,0.025979915300000003,53.9028336,46.1098705,7.7929631000000015
8.0,8.0,299.66855,299.678532,-0.0144972517,0.0114785576,53.902864,46.109904,26.518550000000005,26.52853200000004,0.0144972517,-0.0114785576,0.0259758093,53.902864,46.109904,7.792960000000001
8.1,8.1,299.69508,299.704956,-0.0143903185,0.0115813283,53.9042637,46.1113053,26.54508000000004,26.554956000000004,0.0143903185,-0.0115813283,0.0259716468,53.9042637,46.1113053,7.792958400000003
8.2,8.2,299.7214,299.731183,-0.0142820645,0.01168538,53.9048861,46.1119278,26.57140000000004,26.58118300000001,0.0142820645,-0.01168538,0.0259674445,53.9048861,46.1119278,7.792958300000002
8.3,8.3,299.74753,299.757215,-0.0141757769,0.0117875722,53.9048853,46.1119285,26.597530000000006,26.607214999999997,0.0141757769,-0.0117875722,0.025963349099999998,53.9048853,46.1119285,7.792956799999999
8.4,8.4,299.77346,299.783053,-0.0140682436,0.0118909668,53.9048948,46.111938,26.623460000000023,26.633053000000018,0.0140682436,-0.0118909668,0.025959210400000002,53.9048948,46.111938,7.792956799999999
8.5,8.5,299.79919,299.808698,-0.0139639128,0.0119911855,53.9046142,46.1116575,26.649190000000033,26.658698000000015,0.0139639128,-0.0119911855,0.0259550983,53.9046142,46.1116575,7.792956699999998
8.6,8.6,299.82473,299.834151,-0.0138637641,0.0120873239,53.903222,46.1102669,26.67473000000001,26.684151000000043,0.0138637641,-0.0120873239,0.025951088,53.903222,46.1102669,7.7929551
8.7,8.7,299.85009,299.859416,-0.0137613697,0.0121857458,53.9027759,46.1098224,26.700090000000046,26.709416000000033,0.0137613697,-0.0121857458,0.0259471155,53.9027759,46.1098224,7.792953500000003
8.8,8.8,299.87526,299.884492,-0.0136582942,0.0122850892,53.9028792,46.1099316,26.72526000000005,26.734492000000046,0.0136582942,-0.0122850892,0.0259433834,53.9028792,46.1099316,7.792947599999998
8.9,8.9,299.90024,299.909382,-0.0135555403,0.0123852781,53.9028283,46.1099087,26.75024000000002,26.759382000000016,0.0135555403,-0.0123852781,0.0259408184,53.9028283,46.1099087,7.792919600000005
9.0,9.0,299.92505,299.934088,-0.0134546614,0.0124821856,53.9036377,46.110718,26.77505000000002,26.784087999999997,0.0134546614,-0.0124821856,0.025936847,53.9036377,46.110718,7.792919699999999
9.1,9.1,299.94967,299.95861,-0.0133539094,0.0125790026,53.9047015,46.1117818,26.79967000000005,26.808610000000044,0.0133539094,-0.0125790026,0.025932912000000002,53.9047015,46.1117818,7.792919699999999
9.2,9.2,299.97411,299.98295,-0.0132544032,0.0126752626,53.9049136,46.1120073,26.82411000000002,26.83295000000004,0.0132544032,-0.0126752626,0.0259296658,53.9049136,46.1120073,7.7929062999999985
9.3,9.3,299.99836,300.007108,-0.0131559574,0.0127712181,53.9047964,46.1119184,26.848360000000014,26.85710800000004,0.0131559574,-0.0127712181,0.0259271755,53.9047964,46.1119184,7.792878000000002
9.4,9.4,300.02244,300.03109,-0.0130569857,0.0128673515,53.9048,46.1119427,26.87244000000004,26.88109000000003,0.0130569857,-0.0128673515,0.0259243372,53.9048,46.1119427,7.792857300000001
9.5,9.5,300.04633,300.054895,-0.0129652568,0.012956262,53.9035705,46.1107338,26.896330000000034,26.90489500000001,0.0129652568,-0.012956262,0.0259215188,53.9035705,46.1107338,7.792836700000002
9.6,9.6,300.07005,300.078522,-0.0128699388,0.0130477818,53.9027591,46.1099224,26.920050000000003,26.928522000000044,0.0128699388,-0.0130477818,0.0259177206,53.9027591,46.1099224,7.792836699999995
9.7,9.7,300.09358,300.101974,-0.0127745958,0.0131396077,53.9027357,46.1099045,26.943579999999997,26.951974000000007,0.0127745958,-0.0131396077,0.0259142035,53.9027357,46.1099045,7.792831200000002
9.8,9.8,300.11694,300.125252,-0.0126778232,0.0132326315,53.902763,46.1099319,26.966940000000022,26.97525200000001,0.0126778232,-0.0132326315,0.025910454700000002,53.902763,46.1099319,7.792831100000001
9.9,9.9,300.14012,300.148355,-0.0125813399,0.0133253983,53.9028041,46.109973,26.990120000000047,26.998355000000004,0.0125813399,-0.0133253983,0.0259067382,53.9028041,46.109973,7.792831100000001
10.0,10.0,300.16313,300.171287,-0.012487938,0.013415388,53.904281,46.1114555,27.013130000000046,27.02128700000003,0.012487938,-0.013415388,0.025903326,53.904281,46.1114555,7.792825499999999
10.1,10.1,300.18597,300.194047,-0.0123945136,0.013505286,53.9048361,46.1120133,27.03597000000002,27.044047000000035,0.0123945136,-0.013505286,0.025899799600000002,53.9048361,46.1120133,7.792822799999996
10.2,10.2,300.20865,300.216639,-0.0123016369,0.0135945829,53.9047916,46.11197,27.05865,27.06663900000001,0.0123016369,-0.0135945829,0.025896219800000002,53.9047916,46.11197,7.7928216000000035
10.3,10.3,300.23116,300.239061,-0.0122079833,0.0136846913,53.9047506,46.1119302,27.08116000000001,27.089061000000015,0.0122079833,-0.0136846913,0.0258926746,53.9047506,46.1119302,7.7928203999999965
10.4,10.4,300.25351,300.261317,-0.0121201165,0.013769021,53.9040649,46.1112455,27.10351000000003,27.111317000000042,0.0121201165,-0.013769021,0.0258891375,53.9040649,46.1112455,7.792819399999999
10.5,10.5,300.27569,300.283407,-0.0120323985,0.0138532387,53.9029655,46.1101469,27.12569000000002,27.133407000000034,0.0120323985,-0.0138532387,0.0258856372,53.9029655,46.1101469,7.792818600000004
10.6,10.6,300.29771,300.305332,-0.011942752,0.013939422,53.9026653,46.1098481,27.147710000000018,27.155332000000044,0.011942752,-0.013939422,0.025882174,53.9026653,46.1098481,7.792817200000002
10.7,10.7,300.31955,300.327093,-0.0118528544,0.0140259942,53.9027388,46.1099248,27.169550000000015,27.177093000000013,0.0118528544,-0.0140259942,0.025878848599999997,53.9027388,46.1099248,7.792814
10.8,10.8,300.34124,300.348692,-0.0117629049,0.0141124582,53.9027366,46.1099227,27.19124000000005,27.19869200000005,0.0117629049,-0.0141124582,0.0258753631,53.9027366,46.1099227,7.792813899999999
10.9,10.9,300.36276,300.37013,-0.0116748949,0.0141972194,53.9038979,46.1110887,27.212760000000003,27.22013000000004,0.0116748949,-0.0141972194,0.0258721143,53.9038979,46.1110887,7.7928091999999936
11.0,11.0,300.38411,300.391409,-0.0115870455,0.0142817442,53.9046699,46.1118628,27.234110000000044,27.241409000000033,0.0115870455,-0.0142817442,0.0258687897,53.9046699,46.1118628,7.7928071000000045
11.1,11.1,300.40531,300.412528,-0.0115006819,0.0143647041,53.9048079,46.1120008,27.25531000000001,27.26252800000003,0.0115006819,-0.0143647041,0.025865386,53.9048079,46.1120008,7.7928071000000045
11.2,11.2,300.42634,300.433491,-0.0114138875,0.0144481727,53.9047705,46.1119645,27.276340000000005,27.283491000000026,0.0114138875,-0.0144481727,0.025862060200000002,53.9047705,46.1119645,7.792805999999999
11.3,11.3,300.44721,300.454297,-0.011326484,0.0145322826,53.9047903,46.1119855,27.297210000000007,27.30429700000002,0.011326484,-0.0145322826,0.0258587666,53.9047903,46.1119855,7.792804799999999
11.4,11.4,300.46793,300.474947,-0.0112479098,0.0146075194,53.9032743,46.1104695,27.317930000000047,27.32494700000001,0.0112479098,-0.0146075194,0.025855429200000002,53.9032743,46.1104695,7.792804799999999
11.5,11.5,300.4885,300.495444,-0.0111653648,0.0146868044,53.902694,46.1098902,27.33850000000001,27.345444000000043,0.0111653648,-0.0146868044,0.0258521692,53.902694,46.1098902,7.792803799999994
11.6,11.6,300.50893,300.515789,-0.0110820662,0.0147671476,53.9027258,46.1099289,27.358930000000043,27.365789000000007,0.0110820662,-0.0147671476,0.0258492138,53.9027258,46.1099289,7.792796899999999
11.7,11.7,300.5292,300.535981,-0.0109976806,0.0148483241,53.9027185,46.1099225,27.379200000000026,27.385981000000015,0.0109976806,-0.0148483241,0.0258460047,53.9027185,46.1099225,7.792795999999996
11.8,11.8,300.54932,300.556023,-0.010915116,0.0149278314,53.9033222,46.1105299,27.399320000000046,27.406023000000005,0.010915116,-0.0149278314,0.0258429474,53.9033222,46.1105299,7.792792299999995
11.9,11.9,300.5693,300.575916,-0.0108330093,0.0150067198,53.9045074,46.1117151,27.41930000000002,27.42591600000003,0.0108330093,-0.0150067198,0.0258397291,53.9045074,46.1117151,7.792792300000002
12.0,12.0,300.58913,300.595661,-0.010751999,0.0150852916,53.9048429,46.1120667,27.439130000000034,27.44566100000003,0.010751999,-0.0150852916,0.0258372906,53.9048429,46.1120667,7.792776199999999
12.1,12.1,300.60881,300.61526,-0.0106712544,0.015162919,53.9047324,46.1119574,27.458810000000028,27.46526,0.0106712544,-0.015162919,0.0258341734,53.9047324,46.1119574,7.792774999999999
12.2,12.2,300.62834,300.634712,-0.0105902729,0.0152408149,53.9047573,46.1119835,27.478340000000003,27.484712000000002,0.0105902729,-0.0152408149,0.0258310878,53.9047573,46.1119835,7.792773799999999
12.3,12.3,300.64772,300.654019,-0.0105156965,0.0153125462,53.903653,46.1108853,27.497720000000015,27.504019000000028,0.0105156965,-0.0153125462,0.0258282427,53.903653,46.1108853,7.792767699999999
12.4,12.4,300.66695,300.673183,-0.010439017,0.0153862481,53.9027937,46.1100283,27.51695000000001,27.523183000000017,0.010439017,-0.0153862481,0.0258252651,53.9027937,46.1100283,7.792765399999993
12.5,12.5,300.68603,300.692204,-0.0103620654,0.0154606491,53.9026627,46.1099084,27.53603000000004,27.542204000000027,0.0103620654,-0.0154606491,0.0258227145,53.9026627,46.1099084,7.792754299999999
12.6,12.6,300.70498,300.711085,-0.0102842172,0.0155359185,53.9027062,46.1099617,27.55498,27.56108500000005,0.0102842172,-0.0155359185,0.0258201357,53.9027062,46.1099617,7.792744499999998
12.7,12.7,300.72378,300.729824,-0.010205501,0.0156115967,53.902688,46.1099435,27.57378,27.57982400000003,0.010205501,-0.0156115967,0.0258170977,53.902688,46.1099435,7.792744499999998
12.8,12.8,300.74244,300.748424,-0.0101289076,0.015685249,53.9041143,46.1113711,27.59244000000001,27.598424000000023,0.0101289076,-0.015685249,0.0258141566,53.9041143,46.1113711,7.792743200000004
12.9,12.9,300.76097,300.766885,-0.0100530013,0.0157582779,53.9047674,46.1120266,27.61097000000001,27.616885000000025,0.0100530013,-0.0157582779,0.0258112792,53.9047674,46.1120266,7.792740799999997
13.0,13.0,300.77936,300.785209,-0.00997773762,0.0158306705,53.9047384,46.1119995,27.62936000000002,27.63520900000003,0.00997773762,-0.0158306705,0.02580840812,53.9047384,46.1119995,7.792738899999996
13.1,13.1,300.79762,300.803397,-0.00990225719,0.0159036204,53.9047002,46.1119699,27.647620000000018,27.65339700000004,0.00990225719,-0.0159036204,0.025805877589999998,53.9047002,46.1119699,7.792730300000002
13.2,13.2,300.81575,300.821449,-0.0098304309,0.0159727458,53.9043152,46.1115895,27.665750000000003,27.671448999999996,0.0098304309,-0.0159727458,0.0258031767,53.9043152,46.1115895,7.792725699999998
13.3,13.3,300.83374,300.839367,-0.00976043112,0.0160398449,53.9030121,46.1102864,27.68374,27.689367000000004,0.00976043112,-0.0160398449,0.02580027602,53.9030121,46.1102864,7.792725699999998
13.4,13.4,300.85161,300.857151,-0.00968782061,0.0161096183,53.9025844,46.1098597,27.701610000000016,27.70715100000001,0.00968782061,-0.0161096183,0.025797438909999998,53.9025844,46.1098597,7.792724700000001
13.5,13.5,300.86933,300.874802,-0.00961508269,0.016179543,53.9026603,46.1099364,27.719330000000014,27.72480200000001,0.00961508269,-0.016179543,0.025794625690000003,53.9026603,46.1099364,7.792723899999999
13.6,13.6,300.88692,300.892321,-0.00954226782,0.0162495638,53.9026706,46.1099477,27.736919999999998,27.742321000000004,0.00954226782,-0.0162495638,0.025791831619999997,53.9026706,46.1099477,7.792722900000001
13.7,13.7,300.90437,300.90971,-0.00946960868,0.0163194502,53.903746,46.111024,27.754369999999994,27.75971000000004,0.00946960868,-0.0163194502,0.02578905888,53.903746,46.111024,7.792721999999998
13.8,13.8,300.92169,300.926969,-0.00939855441,0.0163881588,53.9045905,46.1118773,27.771690000000035,27.77696900000001,0.00939855441,-0.0163881588,0.02578671321,53.9045905,46.1118773,7.792713199999994
13.9,13.9,300.93888,300.9441,-0.00932836832,0.0164556204,53.9047561,46.112044,27.788880000000006,27.794100000000014,0.00932836832,-0.0164556204,0.025783988719999998,53.9047561,46.112044,7.792712100000003
14.0,14.0,300.95594,300.961104,-0.00925788758,0.0165233451,53.9047111,46.111999,27.80594000000002,27.811104,0.00925788758,-0.0165233451,0.025781232680000002,53.9047111,46.111999,7.792712100000003
14.1,14.1,300.97287,300.97798,-0.00918705023,0.0165915899,53.9047037,46.1119946,27.822870000000023,27.827980000000025,0.00918705023,-0.0165915899,0.02577864013,53.9047037,46.1119946,7.792709099999996
14.2,14.2,300.98967,300.994731,-0.00912416508,0.0166517544,53.9032642,46.1105551,27.839670000000012,27.844731000000024,0.00912416508,-0.0166517544,0.02577591948,53.9032642,46.1105551,7.792709100000003
14.3,14.3,301.00636,301.011356,-0.009057688,0.0167155815,53.902646,46.1099378,27.856359999999995,27.861356,0.009057688,-0.0167155815,0.0257732695,53.902646,46.1099378,7.7927082
14.4,14.4,301.02292,301.027858,-0.00898943115,0.0167812034,53.9026831,46.1099759,27.872920000000022,27.877858000000003,0.00898943115,-0.0167812034,0.025770634549999998,53.9026831,46.1099759,7.792707199999995
14.5,14.5,301.03937,301.044236,-0.00892130974,0.016846668,53.9026619,46.1099546,27.889370000000042,27.894236000000035,0.00892130974,-0.016846668,0.025767977739999996,53.9026619,46.1099546,7.7927072999999965
14.6,14.6,301.05569,301.060493,-0.00885369237,0.0169116438,53.9029973,46.1102901,27.90569000000005,27.91049300000003,0.00885369237,-0.0169116438,0.02576533617,53.9029973,46.1102901,7.792707200000002
14.7,14.7,301.0719,301.076628,-0.0087863147,0.0169764454,53.9043633,46.111657,27.92190000000005,27.92662800000005,0.0087863147,-0.0169764454,0.025762760100000004,53.9043633,46.111657,7.792706299999999
14.8,14.8,301.08799,301.092642,-0.00871997592,0.0170405433,53.9047718,46.1120729,27.937990000000013,27.942642000000035,0.00871997592,-0.0170405433,0.02576051922,53.9047718,46.1120729,7.792698899999998
14.9,14.9,301.10395,301.108538,-0.00865515495,0.0171029722,53.9046791,46.1119842,27.95395000000002,27.958538000000033,0.00865515495,-0.0171029722,0.02575812715,53.9046791,46.1119842,7.792694900000001
15.0,15.0,301.11979,301.124315,-0.00858960501,0.0171659613,53.9046889,46.111994,27.969790000000046,27.974315000000047,0.00858960501,-0.0171659613,0.02575556631,53.9046889,46.111994,7.792694899999994
15.1,15.1,301.13551,301.139974,-0.00852815346,0.0172249692,53.903941,46.111248,27.985510000000033,27.989974000000018,0.00852815346,-0.0172249692,0.02575312266,53.903941,46.111248,7.792693
15.2,15.2,301.1511,301.155516,-0.00846713298,0.0172834656,53.9028633,46.1101703,28.001100000000008,28.005516,0.00846713298,-0.0172834656,0.02575059858,53.9028633,46.1101703,7.792693
15.3,15.3,301.16658,301.170943,-0.00840453967,0.0173435493,53.9025714,46.1098785,28.016580000000033,28.020943000000045,0.00840453967,-0.0173435493,0.02574808897,53.9025714,46.1098785,7.792692899999999
15.4,15.4,301.18193,301.186255,-0.00834083395,0.0174047628,53.902665,46.109972,28.031930000000045,28.03625500000004,0.00834083395,-0.0174047628,0.025745596750000002,53.902665,46.109972,7.792693
15.5,15.5,301.19718,301.201451,-0.00827694647,0.0174661804,53.9026579,46.109965,28.047180000000026,28.051451000000043,0.00827694647,-0.0174661804,0.02574312687,53.9026579,46.109965,7.792692899999999
15.6,15.6,301.21231,301.216534,-0.00821415927,0.0175265123,53.9038323,46.1111394,28.062310000000025,28.066534000000047,0.00821415927,-0.0175265123,0.025740671570000002,53.9038323,46.1111394,7.792692899999999
15.7,15.7,301.22733,301.231505,-0.00815215454,0.0175860797,53.904667,46.1119741,28.077330000000018,28.08150500000005,0.00815215454,-0.0175860797,0.025738234239999998,53.904667,46.1119741,7.792692900000006
15.8,15.8,301.24225,301.246364,-0.00809067546,0.0176451427,53.904716,46.1120231,28.092250000000035,28.09636400000005,0.00809067546,-0.0176451427,0.02573581816,53.904716,46.1120231,7.792692899999999
15.9,15.9,301.25706,301.261112,-0.00802962067,0.0177037954,53.904679,46.1119861,28.107060000000047,28.11111200000005,0.00802962067,-0.0177037954,0.02573341607,53.904679,46.1119861,7.792692899999999
16.0,16.0,301.27176,301.27575,-0.00796860204,0.0177624351,53.9046886,46.1119956,28.121759999999995,28.12575000000004,0.00796860204,-0.0177624351,0.025731037140000003,53.9046886,46.1119956,7.792693
16.1,16.1,301.28636,301.290279,-0.00791436298,0.017814447,53.9032388,46.1105487,28.136360000000025,28.14027900000002,0.00791436298,-0.017814447,0.025728809980000003,53.9032388,46.1105487,7.792690099999994
16.2,16.2,301.30084,301.304699,-0.00785601401,0.0178704499,53.9026369,46.1099469,28.150840000000017,28.15469900000005,0.00785601401,-0.0178704499,0.025726463910000004,53.9026369,46.1099469,7.79269
16.3,16.3,301.31522,301.319011,-0.00779751132,0.0179267518,53.902646,46.1099585,28.165220000000033,28.169011000000012,0.00779751132,-0.0179267518,0.02572426312,53.902646,46.1099585,7.7926874999999995
16.4,16.4,301.32948,301.333217,-0.00773864633,0.0179833017,53.9026738,46.1099864,28.179480000000012,28.183217000000013,0.00773864633,-0.0179833017,0.025721948029999997,53.9026738,46.1099864,7.7926874000000055
16.5,16.5,301.34363,301.347316,-0.00767892657,0.0180407266,53.9030866,46.1103992,28.19363000000004,28.197316,0.00767892657,-0.0180407266,0.025719653170000002,53.9030866,46.1103992,7.792687399999998
16.6,16.6,301.35767,301.36131,-0.0076206134,0.0180968896,53.9043313,46.1116465,28.207670000000007,28.211310000000026,0.0076206134,-0.0180968896,0.025717503,53.9043313,46.1116465,7.7926848000000035
16.7,16.7,301.3716,301.3752,-0.00756338902,0.0181520262,53.9047536,46.1120723,28.221600000000024,28.22520000000003,0.00756338902,-0.0181520262,0.025715415220000003,53.9047536,46.1120723,7.792681299999998
16.8,16.8,301.38543,301.388988,-0.00750679314,0.0182067875,53.9046905,46.1120178,28.235430000000008,28.238988000000006,0.00750679314,-0.0182067875,0.025713580639999997,53.9046905,46.1120178,7.792672700000004
16.9,16.9,301.39916,301.402671,-0.00744945347,0.0182620318,53.9046655,46.1119955,28.249160000000018,28.25267100000002,0.00744945347,-0.0182620318,0.025711485269999997,53.9046655,46.1119955,7.792670000000001
17.0,17.0,301.41278,301.416254,-0.00739779404,0.0183115243,53.9038042,46.1111351,28.26278000000002,28.266254000000004,0.00739779404,-0.0183115243,0.02570931834,53.9038042,46.1111351,7.792669100000005
17.1,17.1,301.42631,301.429735,-0.00734510102,0.0183620181,53.9028158,46.1101468,28.276310000000024,28.279735000000016,0.00734510102,-0.0183620181,0.025707119119999997,53.9028158,46.1101468,7.7926689999999965
17.2,17.2,301.43974,301.443115,-0.00728994508,0.0184150368,53.9026072,46.1099389,28.289739999999995,28.293115,0.00728994508,-0.0184150368,0.025704981879999998,53.9026072,46.1099389,7.792668299999995
17.3,17.3,301.45308,301.456396,-0.00723560338,0.0184677304,53.9026339,46.1099752,28.303080000000023,28.306396000000007,0.00723560338,-0.0184677304,0.02570333378,53.9026339,46.1099752,7.792658699999997
17.4,17.4,301.46632,301.469578,-0.00718070332,0.0185205628,53.902644,46.1099869,28.31632000000002,28.319578000000035,0.00718070332,-0.0185205628,0.02570126612,53.902644,46.1099869,7.7926571
17.5,17.5,301.47947,301.482663,-0.00712499244,0.018574142,53.9039801,46.111323,28.329470000000015,28.332663000000025,0.00712499244,-0.018574142,0.02569913444,53.9039801,46.111323,7.7926571
17.6,17.6,301.49251,301.495648,-0.0070704277,0.0186266249,53.9046658,46.1120096,28.342510000000004,28.34564800000004,0.0070704277,-0.0186266249,0.0256970526,53.9046658,46.1120096,7.792656199999996
17.7,17.7,301.50546,301.508537,-0.00701794993,0.0186769985,53.9046711,46.1120148,28.35546000000005,28.358537000000013,0.00701794993,-0.0186769985,0.02569494843,53.9046711,46.1120148,7.792656300000004
17.8,17.8,301.5183,301.52133,-0.00696496559,0.0187279371,53.9046837,46.1120281,28.368300000000033,28.37133,0.00696496559,-0.0187279371,0.02569290269,53.9046837,46.1120281,7.792655599999996
17.9,17.9,301.53105,301.534027,-0.00691376753,0.0187771319,53.904338,46.1116837,28.381050000000016,28.384027000000003,0.00691376753,-0.0187771319,0.02569089943,53.904338,46.1116837,7.792654300000002
18.0,18.0,301.54369,301.546629,-0.00686600208,0.0188228794,53.9029805,46.1103269,28.39369000000005,28.39662900000002,0.00686600208,-0.0188228794,0.02568888148,53.9029805,46.1103269,7.792653600000001
18.1,18.1,301.55624,301.559137,-0.00681563937,0.0188711993,53.9025672,46.1099136,28.406240000000025,28.409137000000044,0.00681563937,-0.0188711993,0.02568683867,53.9025672,46.1099136,7.792653600000001
18.2,18.2,nan,nan,nan,nan,nan,nan,nan,nan,nan,nan,nan,nan,nan,nan
18.3,18.3,301.58104,301.583874,-0.00671229119,0.0189705831,53.9026293,46.1099771,28.431039999999996,28.433874000000003,0.00671229119,-0.0189705831,0.02568287429,53.9026293,46.1099771,7.792652199999999
18.4,18.4,301.59331,301.596104,-0.00666083705,0.0190200392,53.903447,46.1107948,28.443309999999997,28.446104000000048,0.00666083705,-0.0190200392,0.02568087625,53.903447,46.1107948,7.792652199999999
18.5,18.5,301.60549,301.608244,-0.00661020772,0.0190687467,53.9044743,46.1118233,28.455489999999998,28.458244000000036,0.00661020772,-0.0190687467,0.02567895442,53.9044743,46.1118233,7.792650999999999
18.6,18.6,301.61759,301.620292,-0.0065597423,0.0191172458,53.9047437,46.1120927,28.46759000000003,28.47029200000003,0.0065597423,-0.0191172458,0.025676988100000003,53.9047437,46.1120927,7.792650999999999
18.7,18.7,301.6296,301.63225,-0.00651084412,0.0191643115,53.9046554,46.1120069,28.479600000000005,28.482250000000022,0.00651084412,-0.0191643115,0.02567515562,53.9046554,46.1120069,7.792648500000006
18.8,18.8,301.64152,301.644119,-0.00646146327,0.0192118742,53.9046551,46.1120091,28.491520000000037,28.494119000000012,0.00646146327,-0.0192118742,0.02567333747,53.9046551,46.1120091,7.792645999999998
18.9,18.9,301.65336,301.6559,-0.00641757815,0.0192538328,53.9034197,46.1107736,28.503360000000043,28.505899999999997,0.00641757815,-0.0192538328,0.025671410949999997,53.9034197,46.1107736,7.792646099999999
19.0,19.0,301.66511,301.667593,-0.00637147326,0.0192986619,53.9026241,46.1099919,28.51511000000005,28.517593000000033,0.00637147326,-0.0192986619,0.02567013516,53.9026241,46.1099919,7.7926322
19.1,19.1,301.67677,301.679199,-0.00632409802,0.0193442111,53.9026044,46.1099738,28.52677,28.529199000000006,0.00632409802,-0.0193442111,0.025668309120000003,53.9026044,46.1099738,7.7926306000000025
19.2,19.2,301.68833,301.690719,-0.0062766123,0.0193899599,53.9026274,46.1099998,28.53833000000003,28.540719000000024,0.0062766123,-0.0193899599,0.0256665722,53.9026274,46.1099998,7.792627600000003
19.3,19.3,301.69981,301.702152,-0.00622802598,0.0194366786,53.9026342,46.1100066,28.549810000000036,28.552152000000035,0.00622802598,-0.0194366786,0.02566470458,53.9026342,46.1100066,7.792627600000003
19.4,19.4,301.71119,301.7135,-0.0061798232,0.0194830588,53.9040704,46.1114435,28.56119000000001,28.563500000000033,0.0061798232,-0.0194830588,0.025662882,53.9040704,46.1114435,7.792626900000002
19.5,19.5,301.72249,301.724764,-0.00613288231,0.0195281573,53.9046827,46.1120558,28.572490000000016,28.574764000000016,0.00613288231,-0.0195281573,0.025661039610000002,53.9046827,46.1120558,7.792626900000002
19.6,19.6,301.7337,301.735944,-0.00608682639,0.0195723871,53.9046601,46.1120332,28.58370000000002,28.58594400000004,0.00608682639,-0.0195723871,0.025659213490000003,53.9046601,46.1120332,7.792626900000002
19.7,19.7,301.74482,301.747039,-0.00604042418,0.0196171129,53.9046355,46.1120112,28.594820000000027,28.597038999999995,0.00604042418,-0.0196171129,0.02565753708,53.9046355,46.1120112,7.7926243
19.8,19.8,301.75587,301.758052,-0.00599726355,0.0196585427,53.9042986,46.1116757,28.60587000000004,28.608052000000043,0.00599726355,-0.0196585427,0.02565580625,53.9042986,46.1116757,7.792622899999998
19.9,19.9,301.76684,301.768984,-0.00595630016,0.0196977203,53.9029848,46.1103619,28.616840000000025,28.61898400000001,0.00595630016,-0.0196977203,0.02565402046,53.9029848,46.1103619,7.792622899999998
20.0,20.0,301.77773,301.779833,-0.00591191968,0.0197404631,53.9025259,46.1099059,28.627730000000042,28.62983300000002,0.00591191968,-0.0197404631,0.02565238278,53.9025259,46.1099059,7.792619999999999
20.1,20.1,301.78855,301.790601,-0.00586770748,0.0197829158,53.9025941,46.1099741,28.63855000000001,28.640601000000004,0.00586770748,-0.0197829158,0.02565062328,53.9025941,46.1099741,7.792619999999999
20.2,20.2,301.79929,301.80129,-0.0058233016,0.0198256756,53.9026105,46.1099925,28.649290000000008,28.651290000000017,0.0058233016,-0.0198256756,0.0256489772,53.9026105,46.1099925,7.7926180000000045
20.3,20.3,301.80995,301.811899,-0.00577780103,0.0198697532,53.9036194,46.1110081,28.659950000000038,28.661899000000005,0.00577780103,-0.0198697532,0.02564755423,53.9036194,46.1110081,7.792611299999997
20.4,20.4,301.82053,301.822428,-0.00573293756,0.0199129265,53.9045186,46.111908,28.670530000000042,28.672428000000025,0.00573293756,-0.0199129265,0.025645864060000002,53.9045186,46.111908,7.792610600000003
20.5,20.5,301.83103,301.832879,-0.00569002203,0.0199541699,53.9047001,46.1120902,28.68103000000002,28.682879000000014,0.00569002203,-0.0199541699,0.025644191929999997,53.9047001,46.1120902,7.792609900000002
20.6,20.6,301.84144,301.843252,-0.00564754641,0.0199949759,53.9046353,46.112026,28.69144,28.69325200000003,0.00564754641,-0.0199949759,0.02564252231,53.9046353,46.112026,7.792609300000002
20.7,20.7,301.85177,301.853547,-0.0056037712,0.020037067,53.9046306,46.1120214,28.70177000000001,28.703547000000015,0.0056037712,-0.020037067,0.0256408382,53.9046306,46.1120214,7.792609199999994
20.8,20.8,301.86202,301.863765,-0.00556702397,0.0200721401,53.9033775,46.1107682,28.712019999999995,28.713765000000024,0.00556702397,-0.0200721401,0.02563916407,53.9033775,46.1107682,7.792609299999995
20.9,20.9,301.87219,301.873907,-0.00552704492,0.0201104576,53.9026503,46.110041,28.722190000000012,28.723906999999997,0.00552704492,-0.0201104576,0.02563750252,53.9026503,46.110041,7.792609299999995
21.0,21.0,301.88228,301.883974,-0.00548550719,0.0201504511,53.9026276,46.1100204,28.732280000000003,28.733974000000046,0.00548550719,-0.0201504511,0.02563595829,53.9026276,46.1100204,7.792607199999999
21.1,21.1,301.8923,301.893965,-0.00544379767,0.0201907224,53.9025943,46.1099913,28.7423,28.743965000000003,0.00544379767,-0.0201907224,0.02563452007,53.9025943,46.1099913,7.792603
21.2,21.2,301.90225,301.903881,-0.00540231668,0.0202305783,53.9027282,46.1101252,28.752250000000004,28.753881000000035,0.00540231668,-0.0202305783,0.02563289498,53.9027282,46.1101252,7.792603
21.3,21.3,301.91212,301.913725,-0.00536016612,0.0202711505,53.9042254,46.1116231,28.76212000000004,28.763725000000022,0.00536016612,-0.0202711505,0.02563131662,53.9042254,46.1116231,7.792602299999999
21.4,21.4,301.92193,301.923494,-0.00531848206,0.0203112323,53.9046948,46.1120924,28.771929999999998,28.773494000000028,0.00531848206,-0.0203112323,0.02562971436,53.9046948,46.1120924,7.7926024
21.5,21.5,301.93167,301.93319,-0.00527924465,0.0203488832,53.9046409,46.1120385,28.78167000000002,28.783190000000047,0.00527924465,-0.0203488832,0.02562812785,53.9046409,46.1120385,7.7926024
21.6,21.6,301.94135,301.942814,-0.00523913898,0.0203874112,53.9046412,46.1120388,28.791350000000023,28.79281400000002,0.00523913898,-0.0203874112,0.02562655018,53.9046412,46.1120388,7.7926024
21.7,21.7,301.95095,301.952366,-0.00520267829,0.0204223052,53.9039395,46.1113371,28.80095,28.802366000000006,0.00520267829,-0.0204223052,0.025624983490000003,53.9039395,46.1113371,7.7926024
21.8,21.8,301.96048,301.961846,-0.00516595829,0.020457473,53.9028344,46.110232,28.81048000000004,28.811846000000003,0.00516595829,-0.020457473,0.02562343129,53.9028344,46.110232,7.7926024
21.9,21.9,301.96993,301.971257,-0.0051287794,0.0204938056,53.9024913,46.1099031,28.81993,28.821257000000003,0.0051287794,-0.0204938056,0.025622585000000003,53.9024913,46.1099031,7.792588200000004
22.0,22.0,301.97931,301.980597,-0.00509043397,0.0205307137,53.9025884,46.1100021,28.82931000000002,28.83059700000001,0.00509043397,-0.0205307137,0.02562114767,53.9025884,46.1100021,7.792586299999996
22.1,22.1,301.98861,301.989868,-0.00505083725,0.0205687919,53.9026053,46.110019,28.838610000000017,28.839868000000024,0.00505083725,-0.0205687919,0.02561962915,53.9026053,46.110019,7.792586299999996
22.2,22.2,301.99784,301.999069,-0.00501131001,0.0206068096,53.9036698,46.1110835,28.84784000000002,28.849069000000043,0.00501131001,-0.0206068096,0.02561811961,53.9036698,46.1110835,7.7925863000000035
22.3,22.3,302.007,302.008202,-0.0049726768,0.0206440308,53.9045331,46.1119487,28.857000000000028,28.858202000000006,0.0049726768,-0.0206440308,0.0256167076,53.9045331,46.1119487,7.792584400000003
22.4,22.4,302.01608,302.017267,-0.0049350866,0.0206801363,53.9046786,46.1120942,28.86608000000001,28.867267000000027,0.0049350866,-0.0206801363,0.025615222899999998,53.9046786,46.1120942,7.7925843999999955
22.5,22.5,302.0251,302.026263,-0.00489761294,0.0207161331,53.9046003,46.1120159,28.87510000000003,28.876262999999994,0.00489761294,-0.0207161331,0.02561374604,53.9046003,46.1120159,7.7925843999999955
22.6,22.6,302.03405,302.035193,-0.00486070652,0.0207516962,53.9046214,46.1120395,28.884050000000002,28.885193000000015,0.00486070652,-0.0207516962,0.02561240272,53.9046214,46.1120395,7.792581900000002
22.7,22.7,302.04295,302.044057,-0.00482983207,0.0207811189,53.9032029,46.110621,28.89295000000004,28.894057000000032,0.00482983207,-0.0207811189,0.025610950969999997,53.9032029,46.110621,7.792581899999995
22.8,22.8,302.05178,302.052854,-0.0047941311,0.0208153751,53.902561,46.1099791,28.90178000000003,28.902854000000048,0.0047941311,-0.0208153751,0.0256095062,53.902561,46.1099791,7.792581900000002
22.9,22.9,302.06055,302.061585,-0.00475934764,0.0208494089,53.9025583,46.1099906,28.91055,28.911585000000002,0.00475934764,-0.0208494089,0.02560875654,53.9025583,46.1099906,7.792567699999999
23.0,23.0,302.06926,302.070252,-0.00472330132,0.0208840656,53.9025699,46.110003,28.91926000000001,28.920252000000005,0.00472330132,-0.0208840656,0.02560736692,53.9025699,46.110003,7.792566900000004
23.1,23.1,302.07791,302.078856,-0.00468602137,0.0209199328,53.9030485,46.1104817,28.927909999999997,28.928855999999996,0.00468602137,-0.0209199328,0.02560595417,53.9030485,46.1104817,7.792566799999996
23.2,23.2,302.0865,302.087393,-0.00464860756,0.020955947,53.9042977,46.1117309,28.936500000000024,28.937393000000043,0.00464860756,-0.020955947,0.02560455456,53.9042977,46.1117309,7.792566800000003
23.3,23.3,302.09501,302.095867,-0.00461343378,0.0209897569,53.9046995,46.1121332,28.945010000000025,28.94586700000002,0.00461343378,-0.0209897569,0.02560319068,53.9046995,46.1121332,7.792566299999997
23.4,23.4,302.10346,302.104278,-0.00457942791,0.021022501,53.9046119,46.1120472,28.953460000000007,28.954278000000045,0.00457942791,-0.021022501,0.02560192891,53.9046119,46.1120472,7.7925647
23.5,23.5,302.11183,302.112626,-0.00454373341,0.0210568264,53.9046136,46.1120489,28.96183000000002,28.962626,0.00454373341,-0.0210568264,0.02560055981,53.9046136,46.1120489,7.7925647
23.6,23.6,302.12014,302.120912,-0.00451405325,0.0210852961,53.9037195,46.111158,28.970140000000015,28.970912,0.00451405325,-0.0210852961,0.02559934935,53.9037195,46.111158,7.792561499999998
23.7,23.7,302.12839,302.129137,-0.0044833737,0.0211154371,53.9027109,46.1101657,28.978390000000047,28.979137000000037,0.0044833737,-0.0211154371,0.0255988108,53.9027109,46.1101657,7.792545199999999
23.8,23.8,302.13657,302.137301,-0.00444990982,0.021147562,53.9025048,46.1099596,28.98657000000003,28.987301000000002,0.00444990982,-0.021147562,0.025597471820000002,53.9025048,46.1099596,7.792545199999999
23.9,23.9,302.14469,302.145404,-0.00441587773,0.0211802624,53.9025563,46.1100112,28.99469000000005,28.995404000000008,0.00441587773,-0.0211802624,0.02559614013,53.9025563,46.1100112,7.792545099999998
24.0,24.0,302.15275,302.153446,-0.00438262576,0.0212121931,53.9025613,46.1100162,29.00275000000005,29.003445999999997,0.00438262576,-0.0212121931,0.02559481886,53.9025613,46.1100162,7.792545100000005
24.1,24.1,302.16076,302.161429,-0.00434754903,0.0212459583,53.9038273,46.1112821,29.010760000000005,29.01142900000002,0.00434754903,-0.0212459583,0.02559350733,53.9038273,46.1112821,7.792545200000006
24.2,24.2,302.16872,302.169353,-0.00431366699,0.0212792715,53.9045736,46.1120436,29.01872000000003,29.019353000000024,0.00431366699,-0.0212792715,0.025592938489999998,53.9045736,46.1120436,7.792529999999999
24.3,24.3,302.17662,302.177217,-0.00428211175,0.0213095342,53.9045648,46.1120348,29.026620000000037,29.027217000000007,0.00428211175,-0.0213095342,0.025591645950000002,53.9045648,46.1120348,7.792529999999999
24.4,24.4,302.18447,302.185024,-0.00424962361,0.021340742,53.9045715,46.1120415,29.03447,29.03502400000002,0.00424962361,-0.021340742,0.02559036561,53.9045715,46.1120415,7.792530000000006
24.5,24.5,302.19226,302.192772,-0.00421824047,0.0213709953,53.9044547,46.1119276,29.04226,29.042772000000014,0.00421824047,-0.0213709953,0.02558923577,53.9044547,46.1119276,7.792527100000001
24.6,24.6,302.19999,302.200462,-0.00419096574,0.0213972894,53.9029497,46.1104289,29.049990000000037,29.05046200000004,0.00419096574,-0.0213972894,0.02558825514,53.9029497,46.1104289,7.792520799999998
24.7,24.7,302.20766,302.208095,-0.004160904,0.0214261497,53.9024715,46.1099514,29.05766,29.058095000000037,0.004160904,-0.0214261497,0.0255870537,53.9024715,46.1099514,7.792520099999997
24.8,24.8,302.21527,302.215671,-0.00412985955,0.0214559748,53.9025486,46.1100289,29.065269999999998,29.06567100000001,0.00412985955,-0.0214559748,0.02558583435,53.9025486,46.1100289,7.7925197
24.9,24.9,302.22281,302.223191,-0.00409754264,0.0214870548,53.902548,46.1100283,29.072810000000004,29.07319100000001,0.00409754264,-0.0214870548,0.02558459744,53.902548,46.1100283,7.7925197
25.0,25.0,302.2303,302.230653,-0.00406542798,0.0215179704,53.9032241,46.110705,29.080300000000022,29.08065300000004,0.00406542798,-0.0215179704,0.02558339838,53.9032241,46.110705,7.7925191
25.1,25.1,302.23772,302.238061,-0.00403328356,0.0215489208,53.9043618,46.111843,29.087720000000047,29.08806100000004,0.00403328356,-0.0215489208,0.02558220436,53.9043618,46.111843,7.792518799999996
25.2,25.2,302.24509,302.245414,-0.00400242788,0.0215785908,53.9046418,46.1121235,29.095090000000027,29.095414000000005,0.00400242788,-0.0215785908,0.025581018679999998,53.9046418,46.1121235,7.792518299999998
25.3,25.3,302.2524,302.25271,-0.00397228148,0.0216076685,53.9045535,46.1120374,29.102400000000046,29.102710000000002,0.00397228148,-0.0216076685,0.02557994998,53.9045535,46.1120374,7.7925161
25.4,25.4,302.25966,302.259953,-0.00394239811,0.0216363852,53.9045534,46.1120378,29.10966000000002,29.10995300000002,0.00394239811,-0.0216363852,0.02557878331,53.9045534,46.1120378,7.792515599999994
25.5,25.5,302.26687,302.267143,-0.00391765927,0.0216599416,53.9034054,46.1108897,29.116870000000006,29.117143,0.00391765927,-0.0216599416,0.02557760087,53.9034054,46.1108897,7.792515699999996
25.6,25.6,302.27404,302.274278,-0.00388919366,0.0216872351,53.9025808,46.1100652,29.124040000000036,29.124278000000004,0.00388919366,-0.0216872351,0.02557642876,53.9025808,46.1100652,7.7925156000000015
25.7,25.7,302.28115,302.281359,-0.00386084764,0.0217144635,53.9025023,46.1099876,29.131150000000048,29.13135900000003,0.00386084764,-0.0217144635,0.02557531114,53.9025023,46.1099876,7.792514700000005
25.8,25.8,302.28822,302.288389,-0.00383164102,0.0217425351,53.9025381,46.1100236,29.138220000000047,29.138389000000018,0.00383164102,-0.0217425351,0.02557417612,53.9025381,46.1100236,7.792514500000003
25.9,25.9,302.29524,302.295366,-0.00380210368,0.0217709265,53.9025402,46.1100258,29.14524,29.145366000000024,0.00380210368,-0.0217709265,0.025573030179999998,53.9025402,46.1100258,7.792514399999995
26.0,26.0,302.3022,302.302289,-0.00377008399,0.0218018066,53.9040087,46.1114942,29.15220000000005,29.152288999999996,0.00377008399,-0.0218018066,0.02557189059,53.9040087,46.1114942,7.792514499999996
26.1,26.1,302.30911,302.309162,-0.00374132319,0.0218295654,53.9045884,46.1120767,29.15911,29.159162000000038,0.00374132319,-0.0218295654,0.02557088859,53.9045884,46.1120767,7.792511699999999
26.2,26.2,302.31596,302.315983,-0.00371385617,0.0218559122,53.9045724,46.1120607,29.16596000000004,29.16598300000004,0.00371385617,-0.0218559122,0.025569768370000003,53.9045724,46.1120607,7.792511699999999
26.3,26.3,302.32275,302.322753,-0.00368464483,0.0218840281,53.9045701,46.1120588,29.172750000000008,29.172753,0.00368464483,-0.0218840281,0.02556867293,53.9045701,46.1120588,7.792511300000001
26.4,26.4,302.32949,302.329472,-0.00366005978,0.0219075314,53.9040698,46.1115589,29.179490000000044,29.179472000000032,0.00366005978,-0.0219075314,0.025567591179999998,53.9040698,46.1115589,7.7925109000000035
26.5,26.5,302.33617,302.336142,-0.00363655083,0.0219307082,53.9028157,46.1103202,29.186170000000004,29.186142000000018,0.00363655083,-0.0219307082,0.025567259029999997,53.9028157,46.1103202,7.792495500000001
26.6,26.6,302.3428,302.342764,-0.00360975995,0.0219564087,53.9024481,46.1099526,29.192800000000034,29.19276400000001,0.00360975995,-0.0219564087,0.02556616865,53.9024481,46.1099526,7.792495500000001
26.7,26.7,302.34939,302.349335,-0.00358212217,0.0219829929,53.902502,46.1100069,29.19939000000005,29.19933500000002,0.00358212217,-0.0219829929,0.02556511507,53.902502,46.1100069,7.7924950999999965
26.8,26.8,302.35592,302.355857,-0.00355532516,0.0220088374,53.9025159,46.1100236,29.20592000000005,29.205857000000037,0.00355532516,-0.0220088374,0.025564162560000003,53.9025159,46.1100236,7.792492299999999
26.9,26.9,302.36242,302.362332,-0.00352662477,0.0220364932,53.90347,46.1109781,29.21242000000001,29.212332000000004,0.00352662477,-0.0220364932,0.02556311797,53.90347,46.1109781,7.792491900000002
27.0,27.0,302.36887,302.368757,-0.00349767902,0.0220643825,53.9044266,46.1119346,29.218870000000038,29.21875700000004,0.00349767902,-0.0220643825,0.02556206152,53.9044266,46.1119346,7.792492000000003
27.1,27.1,302.37528,302.375134,-0.00347208975,0.0220890378,53.9045875,46.1120978,29.225279999999998,29.225134000000025,0.00347208975,-0.0220890378,0.02556112755,53.9045875,46.1120978,7.792489699999997
27.2,27.2,302.38165,302.381465,-0.00344605063,0.0221140347,53.9045542,46.1120645,29.231650000000002,29.231465000000014,0.00344605063,-0.0221140347,0.02556008533,53.9045542,46.1120645,7.792489699999997
27.3,27.3,302.38797,302.387748,-0.00341944418,0.0221396082,53.9045509,46.1120613,29.23797000000002,29.23774800000001,0.00341944418,-0.0221396082,0.025559052380000002,53.9045509,46.1120613,7.792489599999996
27.4,27.4,302.39424,302.393983,-0.00339818108,0.0221599367,53.9032412,46.1107532,29.244240000000048,29.243983000000014,0.00339818108,-0.0221599367,0.02555811778,53.9032412,46.1107532,7.792487999999999
27.5,27.5,302.40046,302.400172,-0.00337450725,0.0221825913,53.9025272,46.1100393,29.250460000000032,29.25017200000002,0.00337450725,-0.0221825913,0.025557098549999997,53.9025272,46.1100393,7.792487900000005
27.6,27.6,302.40663,302.406315,-0.00334963802,0.0222064488,53.90252,46.110032,29.25663000000003,29.25631500000003,0.00334963802,-0.0222064488,0.02555608682,53.90252,46.110032,7.792488000000006
27.7,27.7,302.41275,302.412412,-0.00332324348,0.0222319009,53.9025151,46.1100284,29.26275000000004,29.26241200000004,0.00332324348,-0.0222319009,0.02555514438,53.9025151,46.1100284,7.792486700000005
27.8,27.8,302.41881,302.418463,-0.00329806328,0.0222560842,53.9026303,46.1101436,29.26881000000003,29.268462999999997,0.00329806328,-0.0222560842,0.02555414748,53.9026303,46.1101436,7.792486699999998
27.9,27.9,302.42483,302.424469,-0.00327058432,0.0222825758,53.904091,46.1116042,29.27483000000001,29.27446900000001,0.00327058432,-0.0222825758,0.025553160119999998,53.904091,46.1116042,7.792486799999999
28.0,28.0,302.4308,302.430431,-0.00324492343,0.0223072543,53.9046195,46.1121327,29.2808,29.28043100000002,0.00324492343,-0.0223072543,0.02555217773,53.9046195,46.1121327,7.792486800000006
28.1,28.1,302.43673,302.436347,-0.0032205222,0.0223306805,53.9045326,46.1120458,29.286730000000034,29.286347000000035,0.0032205222,-0.0223306805,0.025551202699999997,53.9045326,46.1120458,7.792486800000006
28.2,28.2,302.44261,302.442219,-0.00319630928,0.0223539279,53.904534,46.1120472,29.292610000000025,29.292219000000046,0.00319630928,-0.0223539279,0.02555023718,53.904534,46.1120472,7.792486799999999
28.3,28.3,302.44846,302.448048,-0.00317574233,0.0223735345,53.9039061,46.1114193,29.298460000000034,29.298047999999994,0.00317574233,-0.0223735345,0.025549276830000002,53.9039061,46.1114193,7.792486799999999
28.4,28.4,302.45427,302.453833,-0.00315360415,0.022394719,53.9027276,46.1102408,29.30427000000003,29.303832999999997,0.00315360415,-0.022394719,0.02554832315,53.9027276,46.1102408,7.792486799999999
28.5,28.5,302.46004,302.459575,-0.00313122919,0.0224161495,53.9024163,46.1099295,29.310040000000015,29.309574999999995,0.00313122919,-0.0224161495,0.02554737869,53.9024163,46.1099295,7.792486799999999
28.6,28.6,302.46577,302.465274,-0.00310756871,0.0224388708,53.9024975,46.1100107,29.315770000000043,29.315274000000045,0.00310756871,-0.0224388708,0.02554643951,53.9024975,46.1100107,7.792486800000006
28.7,28.7,302.47147,302.470931,-0.00308370244,0.0224618627,53.9025147,46.110029,29.321470000000033,29.32093100000003,0.00308370244,-0.0224618627,0.02554556514,53.9025147,46.110029,7.7924857
28.8,28.8,302.47711,302.476544,-0.00305711814,0.0224875233,53.9036711,46.1111854,29.327110000000005,29.326544000000013,0.00305711814,-0.0224875233,0.025544641439999998,53.9036711,46.1111854,7.7924857
28.9,28.9,302.48272,302.482116,-0.00303316471,0.0225105585,53.90448,46.1119943,29.332719999999995,29.332116000000042,0.00303316471,-0.0225105585,0.02554372321,53.90448,46.1119943,7.7924857
29.0,29.0,302.48827,302.487646,-0.00301073335,0.0225320783,53.904578,46.1120923,29.338270000000023,29.337646000000007,0.00301073335,-0.0225320783,0.02554281165,53.904578,46.1120923,7.7924857
29.1,29.1,302.49378,302.493135,-0.00298696652,0.0225549419,53.9045475,46.1120618,29.343780000000038,29.343135000000018,0.00298696652,-0.0225549419,0.02554190842,53.9045475,46.1120618,7.7924857
29.2,29.2,302.49924,302.498582,-0.00296484528,0.022576165,53.9045282,46.1120425,29.34924000000001,29.34858200000002,0.00296484528,-0.022576165,0.02554101028,53.9045282,46.1120425,7.7924857
29.3,29.3,302.50465,302.503989,-0.00294775932,0.0225923596,53.9031123,46.1106266,29.35465000000005,29.353989000000013,0.00294775932,-0.0225923596,0.02554011892,53.9031123,46.1106266,7.792485699999993
29.4,29.4,302.51003,302.509356,-0.00292681384,0.0226124804,53.9024873,46.1100027,29.360029999999995,29.359356000000048,0.00292681384,-0.0226124804,0.02553929424,53.9024873,46.1100027,7.7924845999999945
29.5,29.5,302.51536,302.514682,-0.00290430779,0.0226341097,53.9025073,46.1100227,29.36536000000001,29.364682000000016,0.00290430779,-0.0226341097,0.02553841749,53.9025073,46.1100227,7.792484600000002
29.6,29.6,302.52066,302.519969,-0.0028827353,0.0226548105,53.9025116,46.110027,29.370660000000044,29.369969000000026,0.0028827353,-0.0226548105,0.025537545800000002,53.9025116,46.110027,7.7924845999999945
29.7,29.7,302.52592,302.525216,-0.0028598058,0.0226769304,53.9029261,46.1104426,29.375920000000008,29.375216000000023,0.0028598058,-0.0226769304,0.0255367362,53.9029261,46.1104426,7.792483500000003
29.8,29.8,302.53115,302.530424,-0.00283493584,0.0227009429,53.9042184,46.1117349,29.381150000000048,29.380424000000005,0.00283493584,-0.0227009429,0.02553587874,53.9042184,46.1117349,7.792483499999996
29.9,29.9,302.53635,302.535593,-0.00281383055,0.0227212904,53.9046087,46.1121272,29.38635000000005,29.38559300000003,0.00281383055,-0.0227212904,0.02553512095,53.9046087,46.1121272,7.792481499999994
30.0,30.0,302.54151,302.540724,-0.00279311809,0.0227411567,53.904527,46.1120456,29.39151000000004,29.390724000000034,0.00279311809,-0.0227411567,0.025534274790000002,53.904527,46.1120456,7.7924814
