time_s,T10_K,T10_C,T_heater_avg_K,T_heater_avg_C,Q_in_W,Q_heater_to_air_total_W,Q_heater_to_air_conv_W,Q_heater_to_air_rad_W,Q_air_to_duct_total_W,Q_air_to_duct_conv_W,Q_air_to_duct_rad_W,Q_heater_to_support_W,OF_Q_heater_total_raw_W,OF_Q_heater_conv_raw_W,OF_Q_duct_total_raw_W,OF_Q_duct_conv_raw_W,OF_Q_support_raw_W
0,293.15,20,293.15,20,49.045,0,0,0,-0,-0,-0,0,0,0,0,0,0
0.5,296.34399,23.19399,296.341519,23.191519,49.045,0.122123623,0.0870805771,0.0350430459,0.0462068978,0.00931109417,0.03689580363,0,0.122123623,0.0870805771,-0.0462068978,-0.00931109417,0
1,299.5289,26.3789,299.526567,26.376567,49.045,0.214356493,0.141186613,0.07316988,0.103621129,0.028608032,0.075013097,0,0.214356493,0.141186613,-0.103621129,-0.028608032,0
1.5,302.70755,29.55755,302.705525,29.555525,49.045,0.311408405,0.19887335,0.112535055,0.16290996,0.0485418212,0.1143681388,0,0.311408405,0.19887335,-0.16290996,-0.0485418212,0
2,305.87881,32.72881,305.877544,32.727544,49.045,0.429081296,0.276019861,0.153061435,0.222584653,0.0677001718,0.1548844812,0,0.429081296,0.276019861,-0.222584653,-0.0677001718,0
2.5,309.0406,35.8906,309.041302,35.891302,49.045,0.563277319,0.367865653,0.195411666,0.282960792,0.0857367346,0.1972240574,0,0.563277319,0.367865653,-0.282960792,-0.0857367346,0
3,312.19525,39.04525,312.196671,39.046671,49.045,0.688886727,0.450017179,0.238869548,0.349016076,0.108343005,0.240673071,0,0.688886727,0.450017179,-0.349016076,-0.108343005,0
3.5,315.34318,42.19318,315.343849,42.193849,49.045,0.816677789,0.534424633,0.282253156,0.424601041,0.140557238,0.284043803,0,0.816677789,0.534424633,-0.424601041,-0.140557238,0
4,318.48304,45.33304,318.482447,45.332447,49.045,0.951819778,0.624189803,0.327629975,0.50998646,0.180579793,0.329406667,0,0.951819778,0.624189803,-0.50998646,-0.180579793,0
4.5,321.61416,48.46416,321.61212,48.46212,49.045,1.092201,0.717416982,0.374784018,0.602544631,0.226102017,0.376442614,0,1.092201,0.717416982,-0.602544631,-0.226102017,0
5,324.73618,51.58618,324.732539,51.582539,49.045,1.23499512,0.812866717,0.422128403,0.701647967,0.274854835,0.426793132,0,1.23499512,0.812866717,-0.701647967,-0.274854835,0
5.5,327.85134,54.70134,327.844744,54.694744,49.045,1.33531176,0.863679729,0.471632031,0.93842617,0.447836593,0.490589577,0,1.33531176,0.863679729,-0.93842617,-0.447836593,0
6,330.96114,57.81114,330.950068,57.800068,49.045,1.46668557,0.944931794,0.521753776,1.02179222,0.490700277,0.531091943,0,1.46668557,0.944931794,-1.02179222,-0.490700277,0
6.5,334.05878,60.90878,334.045471,60.895471,49.045,1.6264414,1.05324253,0.57319887,1.12928199,0.547345548,0.581936442,0,1.6264414,1.05324253,-1.12928199,-0.547345548,0
7,337.14657,63.99657,337.130993,63.980993,49.045,1.7708678,1.14503783,0.62582997,1.24783048,0.610054312,0.637776168,0,1.7708678,1.14503783,-1.24783048,-0.610054312,0
7.5,340.22719,67.07719,340.207296,67.057296,49.045,1.91130699,1.23096732,0.68033967,1.36666881,0.673316461,0.693352349,0,1.91130699,1.23096732,-1.36666881,-0.673316461,0
8,343.30032,70.15032,343.274099,70.124099,49.045,2.06424457,1.32856296,0.73568161,1.497419,0.748018448,0.749400552,0,2.06424457,1.32856296,-1.497419,-0.748018448,0
8.5,346.36212,73.21212,346.330967,73.180967,49.045,2.21215298,1.41955485,0.79259813,1.63908284,0.834266897,0.804815943,0,2.21215298,1.41955485,-1.63908284,-0.834266897,0
9,349.41255,76.26255,349.378248,76.228248,49.045,2.36339595,1.51266106,0.85073489,1.76894628,0.904386713,0.864559567,0,2.36339595,1.51266106,-1.76894628,-0.904386713,0
9.5,352.45435,79.30435,352.415485,79.265485,49.045,2.51663109,1.60645577,0.91017532,1.90747854,0.980482064,0.926996476,0,2.51663109,1.60645577,-1.90747854,-0.980482064,0
10,355.4877,82.3377,355.442803,82.292803,49.045,2.66858697,1.69740932,0.97117765,2.07963013,1.0906618,0.98896833,0,2.66858697,1.69740932,-2.07963013,-1.0906618,0
10.5,358.51174,85.36174,358.46006,85.31006,49.045,2.8271114,1.79370633,1.03340507,2.27228903,1.21912047,1.05316856,0,2.8271114,1.79370633,-2.27228903,-1.21912047,0
11,361.52405,88.37405,361.467115,88.317115,49.045,2.98100616,1.88397718,1.09702898,2.40773108,1.29230157,1.11542951,0,2.98100616,1.88397718,-2.40773108,-1.29230157,0
11.5,364.52209,91.37209,364.462748,91.312748,49.045,3.19122834,2.02974589,1.16148245,2.52178885,1.34200516,1.17978369,0,3.19122834,2.02974589,-2.52178885,-1.34200516,0
12,367.50723,94.35723,367.444731,94.294731,49.045,3.36687274,2.13919455,1.22767819,2.59472596,1.34643441,1.24829155,0,3.36687274,2.13919455,-2.59472596,-1.34643441,0
12.5,370.49836,97.34836,370.416801,97.266801,49.045,3.52675555,2.23137758,1.29537797,2.79466137,1.47391411,1.32074726,0,3.52675555,2.23137758,-2.79466137,-1.47391411,0
13,373.4598,100.3098,373.377543,100.227543,49.045,3.70320839,2.33893401,1.36427438,3.15166679,1.76455078,1.38711601,0,3.70320839,2.33893401,-3.15166679,-1.76455078,0
13.5,376.41563,103.26563,376.326299,103.176299,49.045,3.86553042,2.43046477,1.43506565,3.27702525,1.81700351,1.46002174,0,3.86553042,2.43046477,-3.27702525,-1.81700351,0
14,379.35059,106.20059,379.264533,106.114533,49.045,4.10742307,2.60052779,1.50689528,3.42531148,1.89368669,1.53162479,0,4.10742307,2.60052779,-3.42531148,-1.89368669,0
14.5,382.27249,109.12249,382.185322,109.035322,49.045,4.2764737,2.69670414,1.57976956,3.46596799,1.86033713,1.60563086,0,4.2764737,2.69670414,-3.46596799,-1.86033713,0
15,385.20035,112.05035,385.099258,111.949258,49.045,4.4308088,2.77667864,1.65413016,3.81321885,2.12968874,1.68353011,0,4.4308088,2.77667864,-3.81321885,-2.12968874,0
15.5,388.12246,114.97246,388.002133,114.852133,49.045,4.58422316,2.85391794,1.73030522,3.96245093,2.20336552,1.75908541,0,4.58422316,2.85391794,-3.96245093,-2.20336552,0
16,391.00748,117.85748,390.890556,117.740556,49.045,4.82800859,3.02065698,1.80735161,3.89956327,2.05474628,1.84481699,0,4.82800859,3.02065698,-3.89956327,-2.05474628,0
16.5,393.88293,120.73293,393.766364,120.616364,49.045,5.03363904,3.14740913,1.88622991,4.35980463,2.44619288,1.91361175,0,5.03363904,3.14740913,-4.35980463,-2.44619288,0
17,396.75539,123.60539,396.629319,123.479319,49.045,5.1793803,3.21335879,1.96602151,4.53169509,2.53220633,1.99948876,0,5.1793803,3.21335879,-4.53169509,-2.53220633,0
17.5,399.66198,126.51198,399.480653,126.330653,49.045,5.35575424,3.30854227,2.04721197,4.52134139,2.43367757,2.08766382,0,5.35575424,3.30854227,-4.52134139,-2.43367757,0
18,402.52041,129.37041,402.322939,129.172939,49.045,5.48058728,3.34997658,2.1306107,4.90232558,2.73366471,2.16866087,0,5.48058728,3.34997658,-4.90232558,-2.73366471,0
18.5,405.33819,132.18819,405.153017,132.003017,49.045,5.73904314,3.52450748,2.21453566,5.12931993,2.88012881,2.24919112,0,5.73904314,3.52450748,-5.12931993,-2.88012881,0
19,408.13858,134.98858,407.968881,134.818881,49.045,5.89770595,3.59708892,2.30061703,5.20431502,2.85081014,2.35350488,0,5.89770595,3.59708892,-5.20431502,-2.85081014,0
19.5,410.9362,137.7862,410.771492,137.621492,49.045,6.17737889,3.7900491,2.38732979,5.37132221,2.94783502,2.42348719,0,6.17737889,3.7900491,-5.37132221,-2.94783502,0
20,413.73035,140.58035,413.5607,140.4107,49.045,6.33332088,3.85759934,2.47572154,5.50686277,2.98667659,2.52018618,0,6.33332088,3.85759934,-5.50686277,-2.98667659,0
20.5,416.51736,143.36736,416.336125,143.186125,49.045,6.61722294,4.05155582,2.56566712,5.87545285,3.27821978,2.59723307,0,6.61722294,4.05155582,-5.87545285,-3.27821978,0
21,419.2968,146.1468,419.098124,145.948124,49.045,6.71613481,4.05950029,2.65663452,6.09347706,3.39580236,2.6976747,0,6.71613481,4.05950029,-6.09347706,-3.39580236,0
21.5,422.05689,148.90689,421.848807,148.698807,49.045,6.94944617,4.20058612,2.74886005,6.23781525,3.43917923,2.79863602,0,6.94944617,4.20058612,-6.23781525,-3.43917923,0
22,424.82065,151.67065,424.586377,151.436377,49.045,7.09070926,4.24790623,2.84280303,6.51804541,3.62863235,2.88941306,0,7.09070926,4.24790623,-6.51804541,-3.62863235,0
22.5,427.55031,154.40031,427.313852,154.163852,49.045,7.29322862,4.35469749,2.93853113,6.54392844,3.55130781,2.99262063,0,7.29322862,4.35469749,-6.54392844,-3.55130781,0
23,430.2539,157.1039,430.028089,156.878089,49.045,7.48616561,4.45132172,3.03484389,6.72309426,3.63115009,3.09194417,0,7.48616561,4.45132172,-6.72309426,-3.63115009,0
23.5,432.97246,159.82246,432.727205,159.577205,49.045,7.72022529,4.58692791,3.13329738,7.02727072,3.84159895,3.18567177,0,7.72022529,4.58692791,-7.02727072,-3.84159895,0
24,435.67598,162.52598,435.414766,162.264766,49.045,7.95500806,4.72227087,3.23273719,7.38064296,4.10315861,3.27748435,0,7.95500806,4.72227087,-7.38064296,-4.10315861,0
24.5,438.3353,165.1853,438.086256,164.936256,49.045,8.13898786,4.80581939,3.33316847,7.4839657,4.09950724,3.38445846,0,8.13898786,4.80581939,-7.4839657,-4.09950724,0
25,441.01761,167.86761,440.746861,167.596861,49.045,8.20089453,4.7654572,3.43543733,7.48744314,3.98866711,3.49877603,0,8.20089453,4.7654572,-7.48744314,-3.98866711,0
25.5,443.66394,170.51394,443.396067,170.246067,49.045,8.55665466,5.01797338,3.53868128,7.6244216,4.03445874,3.58996286,0,8.55665466,5.01797338,-7.6244216,-4.03445874,0
26,446.30632,173.15632,446.0283,172.8783,49.045,8.71161646,5.06770208,3.64391438,7.92325074,4.22574247,3.69750827,0,8.71161646,5.06770208,-7.92325074,-4.22574247,0
26.5,448.95192,175.80192,448.642491,175.492491,49.045,9.11527227,5.36576878,3.74950349,8.5475612,4.75171562,3.79584558,0,9.11527227,5.36576878,-8.5475612,-4.75171562,0
27,451.57896,178.42896,451.242616,178.092616,49.045,9.18208602,5.32536986,3.85671616,8.55245903,4.63861634,3.91384269,0,9.18208602,5.32536986,-8.55245903,-4.63861634,0
27.5,454.16304,181.01304,453.831137,180.681137,49.045,9.42754868,5.46245824,3.96509044,8.62613028,4.61324779,4.01288249,0,9.42754868,5.46245824,-8.62613028,-4.61324779,0
28,456.71874,183.56874,456.403756,183.253756,49.045,9.6735392,5.59907296,4.07446624,8.82623161,4.69502934,4.13120227,0,9.6735392,5.59907296,-8.82623161,-4.69502934,0
28.5,459.28199,186.13199,458.96221,185.81221,49.045,9.8643214,5.67888614,4.18543526,9.16818028,4.91881569,4.24936459,0,9.8643214,5.67888614,-9.16818028,-4.91881569,0
29,461.8651,188.7151,461.506211,188.356211,49.045,10.0739062,5.77626293,4.29764327,9.49802566,5.13737037,4.36065529,0,10.0739062,5.77626293,-9.49802566,-5.13737037,0
29.5,464.39647,191.24647,464.04122,190.89122,49.045,10.2856601,5.87442923,4.41123087,9.84261853,5.38273947,4.45987906,0,10.2856601,5.87442923,-9.84261853,-5.38273947,0
30,466.92526,193.77526,466.55899,193.40899,49.045,10.5779499,6.05225395,4.52569595,9.43277188,4.8507359,4.58203598,0,10.5779499,6.05225395,-9.43277188,-4.8507359,0
30.5,469.4903,196.3403,469.05772,195.90772,49.045,10.7749537,6.13398467,4.64096903,10.1029904,5.39135362,4.71163678,0,10.7749537,6.13398467,-10.1029904,-5.39135362,0
31,471.97561,198.82561,471.54085,198.39085,49.045,10.9874093,6.22922557,4.75818373,10.5104618,5.69336239,4.81709941,0,10.9874093,6.22922557,-10.5104618,-5.69336239,0
31.5,474.44636,201.29636,474.017883,200.867883,49.045,11.0258105,6.14922154,4.87658896,10.4489962,5.51187604,4.93712016,0,11.0258105,6.14922154,-10.4489962,-5.51187604,0
32,476.90084,203.75084,476.479303,203.329303,49.045,11.4549531,6.45941137,4.99554173,10.3084387,5.23516955,5.07326915,0,11.4549531,6.45941137,-10.3084387,-5.23516955,0
32.5,479.37213,206.22213,478.921412,205.771412,49.045,11.6730613,6.55716573,5.11589557,11.2380318,6.05416492,5.18386688,0,11.6730613,6.55716573,-11.2380318,-6.05416492,0
33,481.81318,208.66318,481.353995,208.203995,49.045,11.7482547,6.51024794,5.23800676,11.4957816,6.19336032,5.30242128,0,11.7482547,6.51024794,-11.4957816,-6.19336032,0
33.5,484.26341,211.11341,483.776955,210.626955,49.045,11.9262563,6.56535948,5.36089682,11.4861363,6.05416525,5.43197105,0,11.9262563,6.56535948,-11.4861363,-6.05416525,0
34,486.66805,213.51805,486.1864,213.0364,49.045,12.2242362,6.73916309,5.48507311,11.7818197,6.20970107,5.57211863,0,12.2242362,6.73916309,-11.7818197,-6.20970107,0
34.5,489.06511,215.91511,488.575543,215.425543,49.045,12.4602885,6.85026225,5.61002625,11.403407,5.70608379,5.69732321,0,12.4602885,6.85026225,-11.403407,-5.70608379,0
35,491.44628,218.29628,490.955223,217.805223,49.045,12.6978677,6.96173573,5.73613197,12.0894212,6.28597453,5.80344667,0,12.6978677,6.96173573,-12.0894212,-6.28597453,0
35.5,493.83775,220.68775,493.313864,220.163864,49.045,12.9486691,7.085425,5.8632441,12.2401057,6.30298639,5.93711931,0,12.9486691,7.085425,-12.2401057,-6.30298639,0
36,496.16874,223.01874,495.652363,222.502363,49.045,13.3799819,7.38927058,5.99071132,12.2386672,6.17511782,6.06354938,0,13.3799819,7.38927058,-12.2386672,-6.17511782,0
36.5,498.47868,225.32868,497.974004,224.824004,49.045,13.6249061,7.5058109,6.1190952,12.6247598,6.44068924,6.18407056,0,13.6249061,7.5058109,-12.6247598,-6.44068924,0
37,500.85957,227.70957,500.273007,227.123007,49.045,13.6466597,7.39856092,6.24809878,12.7077275,6.38198003,6.32574747,0,13.6466597,7.39856092,-12.7077275,-6.38198003,0
37.5,503.17489,230.02489,502.569877,229.419877,49.045,13.9217616,7.54273871,6.37902289,12.8180025,6.36704244,6.45096006,0,13.9217616,7.54273871,-12.8180025,-6.36704244,0
38,505.42551,232.27551,504.854205,231.704205,49.045,14.0035246,7.4927846,6.51074,14.0137195,7.42823668,6.58548282,0,14.0035246,7.4927846,-14.0137195,-7.42823668,0
38.5,507.73024,234.58024,507.128813,233.978813,49.045,14.1316466,7.48695926,6.64468734,13.8862691,7.16611892,6.72015018,0,14.1316466,7.48695926,-13.8862691,-7.16611892,0
39,509.98693,236.83693,509.399791,236.249791,49.045,14.4968049,7.71792484,6.77888006,13.4437638,6.59362311,6.85014069,0,14.4968049,7.71792484,-13.4437638,-6.59362311,0
39.5,512.23008,239.08008,511.636051,238.486051,49.045,14.967018,8.05403823,6.91297977,14.1435713,7.12187767,7.02169363,0,14.967018,8.05403823,-14.1435713,-7.12187767,0
40,514.46493,241.31493,513.856785,240.706785,49.045,14.9386857,7.89063725,7.04804845,14.6471693,7.52670497,7.12046433,0,14.9386857,7.89063725,-14.6471693,-7.52670497,0
40.5,516.6995,243.5495,516.061314,242.911314,49.045,15.3587275,8.17504139,7.18368611,14.6765808,7.39877589,7.27780491,0,15.3587275,8.17504139,-14.6765808,-7.39877589,0
41,518.91861,245.76861,518.249042,245.099042,49.045,15.6429418,8.32285467,7.32008713,14.2109515,6.7740344,7.4369171,0,15.6429418,8.32285467,-14.2109515,-6.7740344,0
41.5,521.16304,248.01304,520.422952,247.272952,49.045,15.7981043,8.34028386,7.45782044,15.0013776,7.43998167,7.56139593,0,15.7981043,8.34028386,-15.0013776,-7.43998167,0
42,523.2516,250.1016,522.583645,249.433645,49.045,15.9697348,8.37367367,7.59606113,15.5635077,7.88648955,7.67701815,0,15.9697348,8.37367367,-15.5635077,-7.88648955,0
42.5,525.38174,252.23174,524.730054,251.580054,49.045,16.2129251,8.47819159,7.73473351,15.2492275,7.41178794,7.83743956,0,16.2129251,8.47819159,-15.2492275,-7.41178794,0
43,527.54476,254.39476,526.859991,253.709991,49.045,16.5684605,8.69419776,7.87426274,15.4385282,7.48084972,7.95767848,0,16.5684605,8.69419776,-15.4385282,-7.48084972,0
43.5,529.64465,256.49465,528.970901,255.820901,49.045,16.8525495,8.83763789,8.01491161,16.4416083,8.32651742,8.11509088,0,16.8525495,8.83763789,-16.4416083,-8.32651742,0
44,531.70978,258.55978,531.070048,257.920048,49.045,16.974448,8.81871149,8.15573651,16.0560497,7.82440436,8.23164534,0,16.974448,8.81871149,-16.0560497,-7.82440436,0
44.5,533.78894,260.63894,533.15584,260.00584,49.045,17.2048658,8.90727995,8.29758585,16.91443,8.52881371,8.38561629,0,17.2048658,8.90727995,-16.91443,-8.52881371,0
45,535.88925,262.73925,535.225277,262.075277,49.045,17.4003227,8.96075985,8.43956285,16.8031369,8.28168303,8.52145387,0,17.4003227,8.96075985,-16.8031369,-8.28168303,0
45.5,537.97211,264.82211,537.281856,264.131856,49.045,17.5627091,8.97956782,8.58314128,16.9963389,8.33206995,8.66426895,0,17.5627091,8.97956782,-16.9963389,-8.33206995,0
46,540.02629,266.87629,539.318568,266.168568,49.045,17.6888261,8.96218238,8.72664372,16.4749161,7.64672328,8.82819282,0,17.6888261,8.96218238,-16.4749161,-7.64672328,0
46.5,542.06753,268.91753,541.351894,268.201894,49.045,18.1322381,9.26108893,8.87114917,17.3214678,8.3668896,8.9545782,0,18.1322381,9.26108893,-17.3214678,-8.3668896,0
47,544.07893,270.92893,543.355331,270.205331,49.045,18.3379898,9.3230887,9.0149011,17.6438995,8.54453982,9.09935968,0,18.3379898,9.3230887,-17.6438995,-8.54453982,0
47.5,546.12296,272.97296,545.351169,272.201169,49.045,18.4838718,9.32342559,9.16044621,17.5032799,8.2627313,9.2405486,0,18.4838718,9.32342559,-17.5032799,-8.2627313,0
48,548.03171,274.88171,547.331897,274.181897,49.045,18.839866,9.53394032,9.30592568,17.7760214,8.3790868,9.3969346,0,18.839866,9.53394032,-17.7760214,-8.3790868,0
48.5,550.00865,276.85865,549.296337,276.146337,49.045,18.9965938,9.54475748,9.45183632,18.1045774,8.56519024,9.53938716,0,18.9965938,9.54475748,-18.1045774,-8.56519024,0
49,551.96663,278.81663,551.238686,278.088686,49.045,19.4183346,9.8208958,9.5974388,18.7179604,9.01313626,9.70482414,0,19.4183346,9.8208958,-18.7179604,-9.01313626,0
49.5,553.827,280.677,553.161485,280.011485,49.045,19.6480127,9.90469564,9.74331706,19.2981291,9.46079497,9.83733413,0,19.6480127,9.90469564,-19.2981291,-9.46079497,0
50,555.7424,282.5924,555.087819,281.937819,49.045,19.4278386,9.53602829,9.89181031,18.7049891,8.70488917,10.00009993,0,19.4278386,9.53602829,-18.7049891,-8.70488917,0
50.5,557.65707,284.50707,556.997729,283.847729,49.045,19.8980233,9.85862615,10.03939715,19.0279544,8.90957366,10.11838074,0,19.8980233,9.85862615,-19.0279544,-8.90957366,0
51,559.6345,286.4845,558.892045,285.742045,49.045,19.9888257,9.80081775,10.18800795,19.2335163,8.94560998,10.28790632,0,19.9888257,9.80081775,-19.2335163,-8.94560998,0
51.5,561.53238,288.38238,560.764357,287.614357,49.045,20.3635614,10.0280409,10.3355205,19.917772,9.47885558,10.43891642,0,20.3635614,10.0280409,-19.917772,-9.47885558,0
52,563.4455,290.2955,562.623754,289.473754,49.045,20.5348331,10.0504629,10.4843702,20.1129364,9.53081213,10.58212427,0,20.5348331,10.0504629,-20.1129364,-9.53081213,0
52.5,565.25158,292.10158,564.462292,291.312292,49.045,20.9514318,10.3192518,10.63218,19.9372309,9.20465646,10.73257444,0,20.9514318,10.3192518,-19.9372309,-9.20465646,0
53,567.01812,293.86812,566.285929,293.135929,49.045,21.0803255,10.2995641,10.7807614,20.5250493,9.65441511,10.87063419,0,21.0803255,10.2995641,-20.5250493,-9.65441511,0
53.5,568.83852,295.68852,568.107373,294.957373,49.045,21.1873424,10.2562786,10.9310638,20.9080682,9.86977069,11.03829751,0,21.1873424,10.2562786,-20.9080682,-9.86977069,0
54,570.67487,297.52487,569.900463,296.750463,49.045,21.6085891,10.5294569,11.0791322,20.4867013,9.30057189,11.18612941,0,21.6085891,10.5294569,-20.4867013,-9.30057189,0
54.5,572.43763,299.28763,571.672663,298.522663,49.045,21.902942,10.6753828,11.2275592,20.9059205,9.57408251,11.33183799,0,21.902942,10.6753828,-20.9059205,-9.57408251,0
55,574.1861,301.0361,573.442915,300.292915,49.045,21.9814955,10.6037554,11.3777401,21.4389042,9.96326673,11.47563747,0,21.9814955,10.6037554,-21.4389042,-9.96326673,0
55.5,575.92877,302.77877,575.196076,302.046076,49.045,22.1788869,10.6517061,11.5271808,21.1753276,9.52448588,11.65084172,0,22.1788869,10.6517061,-21.1753276,-9.52448588,0
56,577.73448,304.58448,576.942469,303.792469,49.045,22.4508449,10.7725802,11.6782647,21.8780306,10.0897862,11.7882444,0,22.4508449,10.7725802,-21.8780306,-10.0897862,0
56.5,579.47567,306.32567,578.653185,305.503185,49.045,22.7034283,10.877195,11.8262333,22.0659851,10.142107,11.9238781,0,22.7034283,10.877195,-22.0659851,-10.142107,0
57,581.21347,308.06347,580.36092,307.21092,49.045,22.8454261,10.869057,11.9763691,22.5880411,10.506053,12.0819881,0,22.8454261,10.869057,-22.5880411,-10.506053,0
57.5,582.90508,309.75508,582.060644,308.910644,49.045,23.062214,10.9355479,12.1266661,21.5731146,9.3195466,12.253568,0,23.062214,10.9355479,-21.5731146,-9.3195466,0
58,584.5967,311.4467,583.730676,310.580676,49.045,23.6080544,11.3329855,12.2750689,22.1824908,9.80670086,12.37578994,0,23.6080544,11.3329855,-22.1824908,-9.80670086,0
58.5,586.32276,313.17276,585.372204,312.222204,49.045,23.8725967,11.4508344,12.4217623,22.5084954,9.98543271,12.52306269,0,23.8725967,11.4508344,-22.5084954,-9.98543271,0
59,588.01999,314.86999,586.998283,313.848283,49.045,24.4081358,11.8393591,12.5687767,23.2017927,10.5192752,12.6825175,0,24.4081358,11.8393591,-23.2017927,-10.5192752,0
59.5,589.70426,316.55426,588.634038,315.484038,49.045,23.689464,10.9683613,12.7211027,23.4107536,10.6222855,12.7884681,0,23.689464,10.9683613,-23.4107536,-10.6222855,0
60,591.30245,318.15245,590.265645,317.115645,49.045,24.3429983,11.4726022,12.8703961,22.9396896,9.96146012,12.97822948,0,24.3429983,11.4726022,-22.9396896,-9.96146012,0
60.5,592.94867,319.79867,591.863554,318.713554,49.045,24.6474525,11.6288716,13.0185809,24.1776533,11.0576193,13.120034,0,24.6474525,11.6288716,-24.1776533,-11.0576193,0
61,594.51346,321.36346,593.453959,320.303959,49.045,24.7605092,11.5927279,13.1677813,23.7086249,10.4192307,13.2893942,0,24.7605092,11.5927279,-23.7086249,-10.4192307,0
61.5,596.06188,322.91188,595.022434,321.872434,49.045,25.2700121,11.9548607,13.3151514,23.6867439,10.2602322,13.4265117,0,25.2700121,11.9548607,-23.6867439,-10.2602322,0
62,597.58419,324.43419,596.561722,323.411722,49.045,25.6602758,12.1991429,13.4611329,24.9362113,11.3616604,13.5745509,0,25.6602758,12.1991429,-24.9362113,-11.3616604,0
62.5,599.06265,325.91265,598.092069,324.942069,49.045,25.6115059,12.0028929,13.608613,24.6728366,10.9577258,13.7151108,0,25.6115059,12.0028929,-24.6728366,-10.9577258,0
63,600.68146,327.53146,599.628347,326.478347,49.045,25.4441588,11.6856405,13.7585183,25.1353053,11.265013,13.8702923,0,25.4441588,11.6856405,-25.1353053,-11.265013,0
63.5,602.21321,329.06321,601.139037,327.989037,49.045,25.9180334,12.0136495,13.9043839,24.8534345,10.8359319,14.0175026,0,25.9180334,12.0136495,-24.8534345,-10.8359319,0
64,603.72042,330.57042,602.644871,329.494871,49.045,26.1328046,12.0801689,14.0526357,24.83292,10.6697103,14.1632097,0,26.1328046,12.0801689,-24.83292,-10.6697103,0
64.5,605.22013,332.07013,604.127048,330.977048,49.045,26.2147203,12.0157905,14.1989298,25.5208145,11.1848667,14.3359478,0,26.2147203,12.0157905,-25.5208145,-11.1848667,0
65,606.58292,333.43292,605.600745,332.450745,49.045,26.3982282,12.0524636,14.3457646,25.4224336,10.9496429,14.4727907,0,26.3982282,12.0524636,-25.4224336,-10.9496429,0
65.5,608.06251,334.91251,607.057428,333.907428,49.045,26.866127,12.3746837,14.4914433,26.5620668,11.9163929,14.6456739,0,26.866127,12.3746837,-26.5620668,-11.9163929,0
66,609.48269,336.33269,608.492017,335.342017,49.045,27.2084075,12.5721973,14.6362102,26.3217672,11.559949,14.7618182,0,27.2084075,12.5721973,-26.3217672,-11.559949,0
66.5,610.94468,337.79468,609.911741,336.761741,49.045,27.2086405,12.4277748,14.7808657,26.2720094,11.3700121,14.9019973,0,27.2086405,12.4277748,-26.2720094,-11.3700121,0
67,612.32425,339.17425,611.311582,338.161582,49.045,27.6599683,12.7363133,14.923655,26.2200744,11.16761,15.0524644,0,27.6599683,12.7363133,-26.2200744,-11.16761,0
67.5,613.64353,340.49353,612.705808,339.555808,49.045,27.7611411,12.693601,15.0675401,26.9627905,11.7818115,15.180979,0,27.7611411,12.693601,-26.9627905,-11.7818115,0
68,615.11501,341.96501,614.083674,340.933674,49.045,27.9417825,12.7313917,15.2103908,27.4324346,12.1004779,15.3319567,0,27.9417825,12.7313917,-27.4324346,-12.1004779,0
68.5,616.41335,343.26335,615.444342,342.294342,49.045,28.0162996,12.6634892,15.3528104,27.5853561,12.1041102,15.4812459,0,28.0162996,12.6634892,-27.5853561,-12.1041102,0
69,617.74406,344.59406,616.809542,343.659542,49.045,28.2617564,12.7649561,15.4968003,27.8361903,12.2191963,15.616994,0,28.2617564,12.7649561,-27.8361903,-12.2191963,0
69.5,619.0341,345.8841,618.15985,345.00985,49.045,28.4442032,12.8037945,15.6404087,27.7036253,11.971256,15.7323693,0,28.4442032,12.8037945,-27.7036253,-11.971256,0
70,620.46951,347.31951,619.48737,346.33737,49.045,28.7862629,13.0054781,15.7807848,27.8083604,11.9088118,15.8995486,0,28.7862629,13.0054781,-27.8083604,-11.9088118,0
70.5,621.71877,348.56877,620.79807,347.64807,49.045,28.9608982,13.0397881,15.9211101,28.069508,12.030086,16.039422,0,28.9608982,13.0397881,-28.069508,-12.030086,0
71,623.15372,350.00372,622.104812,348.954812,49.045,29.0455986,12.9824768,16.0631218,28.8295229,12.6492028,16.1803201,0,29.0455986,12.9824768,-28.8295229,-12.6492028,0
71.5,624.53534,351.38534,623.396017,350.246017,49.045,29.171037,12.9676822,16.2033548,28.3561173,12.036599,16.3195183,0,29.171037,12.9676822,-28.3561173,-12.036599,0
72,625.85959,352.70959,624.680294,351.530294,49.045,29.4342881,13.0904447,16.3438434,28.526116,12.0286024,16.4975136,0,29.4342881,13.0904447,-28.526116,-12.0286024,0
72.5,627.13147,353.98147,625.935003,352.785003,49.045,30.0079809,13.5281556,16.4798253,29.0052916,12.3761451,16.6291465,0,30.0079809,13.5281556,-29.0052916,-12.3761451,0
73,628.39785,355.24785,627.183101,354.033101,49.045,29.8003106,13.1809417,16.6193689,28.7663286,12.0106557,16.7556729,0,29.8003106,13.1809417,-28.7663286,-12.0106557,0
73.5,629.66816,356.51816,628.429797,355.279797,49.045,29.8995689,13.1411073,16.7584616,28.9712292,12.0619506,16.9092786,0,29.8995689,13.1411073,-28.9712292,-12.0619506,0
74,630.80411,357.65411,629.672381,356.522381,49.045,30.3333741,13.4359553,16.8974188,29.2100503,12.1347199,17.0753304,0,30.3333741,13.4359553,-29.2100503,-12.1347199,0
74.5,631.93894,358.78894,630.886031,357.736031,49.045,30.8025192,13.7693547,17.0331645,30.8884395,13.7353881,17.1530514,0,30.8025192,13.7693547,-30.8884395,-13.7353881,0
75,633.15711,360.00711,632.075012,358.925012,49.045,30.4055949,13.2371176,17.1684773,29.1207657,11.8153703,17.3053954,0,30.4055949,13.2371176,-29.1207657,-11.8153703,0
75.5,634.35133,361.20133,633.27863,360.12863,49.045,30.3889817,13.081917,17.3070647,30.2431407,12.8015546,17.4415861,0,30.3889817,13.081917,-30.2431407,-12.8015546,0
76,635.57798,362.42798,634.457545,361.307545,49.045,30.8325173,13.3918241,17.4406932,30.4233393,12.8595899,17.5637494,0,30.8325173,13.3918241,-30.4233393,-12.8595899,0
76.5,636.80042,363.65042,635.623223,362.473223,49.045,31.2943352,13.7201754,17.5741598,30.5642636,12.8834891,17.6807745,0,31.2943352,13.7201754,-30.5642636,-12.8834891,0
77,637.99184,364.84184,636.780604,363.630604,49.045,31.019059,13.3098124,17.7092466,30.8637777,13.0180364,17.8457413,0,31.019059,13.3098124,-30.8637777,-13.0180364,0
77.5,639.06218,365.91218,637.918945,364.768945,49.045,31.9210718,14.0812984,17.8397734,30.520009,12.5391793,17.9808297,0,31.9210718,14.0812984,-30.520009,-12.5391793,0
78,640.20214,367.05214,639.047852,365.897852,49.045,31.8976417,13.9250602,17.9725815,30.7076912,12.5412352,18.166456,0,31.8976417,13.9250602,-30.7076912,-12.5412352,0
78.5,641.29289,368.14289,640.160441,367.010441,49.045,32.0531522,13.9497742,18.103378,31.183217,12.9673987,18.2158183,0,32.0531522,13.9497742,-31.183217,-12.9673987,0
79,642.32564,369.17564,641.260245,368.110245,49.045,32.1472622,13.9136575,18.2336047,31.735408,13.3801734,18.3552346,0,32.1472622,13.9136575,-31.735408,-13.3801734,0
79.5,643.41676,370.26676,642.351547,369.201547,49.045,32.3521851,13.9889512,18.3632339,31.9464844,13.485387,18.4610974,0,32.3521851,13.9889512,-31.9464844,-13.485387,0
80,644.55791,371.40791,643.429722,370.279722,49.045,32.81077,14.3199032,18.4908668,31.0782822,12.4379039,18.6403783,0,32.81077,14.3199032,-31.0782822,-12.4379039,0
80.5,645.60861,372.45861,644.497677,371.347677,49.045,32.6815554,14.0616202,18.6199352,31.9758479,13.2310046,18.7448433,0,32.6815554,14.0616202,-31.9758479,-13.2310046,0
81,646.62185,373.47185,645.548975,372.398975,49.045,32.979768,14.2338901,18.7458779,31.8333282,12.9573052,18.876023,0,32.979768,14.2338901,-31.8333282,-12.9573052,0
81.5,647.70539,374.55539,646.587235,373.437235,49.045,32.937015,14.0646655,18.8723495,32.7240749,13.7129363,19.0111386,0,32.937015,14.0646655,-32.7240749,-13.7129363,0
82,648.73248,375.58248,647.630134,374.480134,49.045,33.2005991,14.2008013,18.9997978,32.3305361,13.2125073,19.1180288,0,33.2005991,14.2008013,-32.3305361,-13.2125073,0
82.5,649.75374,376.60374,648.651631,375.501631,49.045,33.3340956,14.209777,19.1243186,31.6630076,12.3315889,19.3314187,0,33.3340956,14.209777,-31.6630076,-12.3315889,0
83,650.77358,377.62358,649.655056,376.505056,49.045,33.5490338,14.3018459,19.2471879,32.3578892,12.9808308,19.3770584,0,33.5490338,14.3018459,-32.3578892,-12.9808308,0
83.5,651.79535,378.64535,650.659513,377.509513,49.045,33.5013756,14.1284916,19.372884,33.8389852,14.3286862,19.510299,0,33.5013756,14.1284916,-33.8389852,-14.3286862,0
84,652.88198,379.73198,651.662201,378.512201,49.045,33.2021064,13.7039309,19.4981755,34.2285418,14.5988061,19.6297357,0,33.2021064,13.7039309,-34.2285418,-14.5988061,0
84.5,653.88583,380.73583,652.66918,379.51918,49.045,33.7582875,14.1348569,19.6234306,32.4924458,12.7325611,19.7598847,0,33.7582875,14.1348569,-32.4924458,-12.7325611,0
85,654.82601,381.67601,653.637722,380.487722,49.045,34.0484174,14.3058196,19.7425978,32.5083612,12.580752,19.9276092,0,34.0484174,14.3058196,-32.5083612,-12.580752,0
85.5,655.76299,382.61299,654.589852,381.439852,49.045,34.2886734,14.4262525,19.8624209,33.7765688,13.7960617,19.9805071,0,34.2886734,14.4262525,-33.7765688,-13.7960617,0
86,656.72335,383.57335,655.524832,382.374832,49.045,34.7995307,14.8202754,19.9792553,34.1593025,14.05366,20.1056425,0,34.7995307,14.8202754,-34.1593025,-14.05366,0
86.5,657.71278,384.56278,656.442302,383.292302,49.045,34.9630455,14.8680517,20.0949938,33.8357158,13.600113,20.2356028,0,34.9630455,14.8680517,-33.8357158,-13.600113,0
87,658.61336,385.46336,657.349296,384.199296,49.045,35.1090479,14.8981607,20.2108872,34.844438,14.5072771,20.3371609,0,35.1090479,14.8981607,-34.844438,-14.5072771,0
87.5,659.50575,386.35575,658.26839,385.11839,49.045,34.8132372,14.4827786,20.3304586,34.1967576,13.7754302,20.4213274,0,34.8132372,14.4827786,-34.1967576,-13.7754302,0
88,660.43364,387.28364,659.181993,386.031993,49.045,35.1512663,14.7041746,20.4470917,34.8584004,14.2900765,20.5683239,0,35.1512663,14.7041746,-34.8584004,-14.2900765,0
88.5,661.30542,388.15542,660.075489,386.925489,49.045,35.321552,14.759612,20.56194,34.3461576,13.6026446,20.743513,0,35.321552,14.759612,-34.3461576,-13.6026446,0
89,662.07235,388.92235,660.953766,387.803766,49.045,35.5571854,14.8822729,20.6749125,34.9164426,14.0978847,20.8185579,0,35.5571854,14.8822729,-34.9164426,-14.0978847,0
89.5,662.9828,389.8328,661.81928,388.66928,49.045,35.4487999,14.6604543,20.7883456,34.8951965,13.9301765,20.96502,0,35.4487999,14.6604543,-34.8951965,-13.9301765,0
90,663.87769,390.72769,662.67878,389.52878,49.045,35.8079534,14.9085606,20.8993928,34.0860326,13.0375902,21.0484424,0,35.8079534,14.9085606,-34.0860326,-13.0375902,0
90.5,664.75992,391.60992,663.524546,390.374546,49.045,36.152007,15.1422051,21.0098019,34.9753258,13.8505966,21.1247292,0,36.152007,15.1422051,-34.9753258,-13.8505966,0
91,665.65955,392.50955,664.360628,391.210628,49.045,36.2824411,15.1625195,21.1199216,36.0035711,14.7497428,21.2538283,0,36.2824411,15.1625195,-36.0035711,-14.7497428,0
91.5,666.52598,393.37598,665.197176,392.047176,49.045,35.9953753,14.7631082,21.2322671,35.9895022,14.6341706,21.3553316,0,35.9953753,14.7631082,-35.9895022,-14.6341706,0
92,667.38936,394.23936,666.028853,392.878853,49.045,36.3044986,14.9627868,21.3417118,35.2024858,13.730732,21.4717538,0,36.3044986,14.9627868,-35.2024858,-13.730732,0
92.5,668.08975,394.93975,666.841271,393.691271,49.045,36.7487774,15.3008776,21.4478998,36.2830135,14.6888775,21.594136,0,36.7487774,15.3008776,-36.2830135,-14.6888775,0
93,668.9021,395.7521,667.640642,394.490642,49.045,36.562049,15.0063896,21.5556594,35.7546143,14.0855645,21.6690498,0,36.562049,15.0063896,-35.7546143,-14.0855645,0
93.5,669.67782,396.52782,668.427879,395.277879,49.045,36.9314759,15.271239,21.6602369,35.9273663,14.1410478,21.7863185,0,36.9314759,15.271239,-35.9273663,-14.1410478,0
94,670.54447,397.39447,669.206627,396.056627,49.045,37.0442174,15.2795402,21.7646772,36.3116305,14.3956692,21.9159613,0,37.0442174,15.2795402,-36.3116305,-14.3956692,0
94.5,671.33744,398.18744,669.986416,396.836416,49.045,37.2264547,15.3562799,21.8701748,37.3514605,15.3521258,21.9993347,0,37.2264547,15.3562799,-37.3514605,-15.3521258,0
95,672.0863,398.9363,670.750782,397.600782,49.045,37.2774578,15.3037923,21.9736655,35.5246482,13.3912084,22.1334398,0,37.2774578,15.3037923,-35.5246482,-13.3912084,0
95.5,672.82439,399.67439,671.509154,398.359154,49.045,37.279052,15.202244,22.076808,36.904913,14.6402238,22.2646892,0,37.279052,15.202244,-36.904913,-14.6402238,0
96,673.65243,400.50243,672.237958,399.087958,49.045,37.7470624,15.5730875,22.1739749,37.2424503,14.864506,22.3779443,0,37.7470624,15.5730875,-37.2424503,-14.864506,0
96.5,674.37115,401.22115,672.974595,399.824595,49.045,37.8333169,15.5577561,22.2755608,36.8024085,14.3970493,22.4053592,0,37.8333169,15.5577561,-36.8024085,-14.3970493,0
97,675.0548,401.9048,673.697986,400.547986,49.045,38.06384,15.6894996,22.3743404,36.5150513,14.0225723,22.492479,0,38.06384,15.6894996,-36.5150513,-14.0225723,0
97.5,675.84461,402.69461,674.400551,401.250551,49.045,37.8364337,15.3657865,22.4706472,38.0515623,15.4266748,22.6248875,0,37.8364337,15.3657865,-38.0515623,-15.4266748,0
98,676.51425,403.36425,675.113716,401.963716,49.045,38.054748,15.4845949,22.5701531,37.3169008,14.6107703,22.7061305,0,38.054748,15.4845949,-37.3169008,-14.6107703,0
98.5,677.22171,404.07171,675.80625,402.65625,49.045,38.4539637,15.789144,22.6648197,37.9425402,15.124682,22.8178582,0,38.4539637,15.789144,-37.9425402,-15.124682,0
99,677.92204,404.77204,676.493843,403.343843,49.045,38.5901696,15.8298653,22.7603043,37.6989309,14.7791581,22.9197728,0,38.5901696,15.8298653,-37.6989309,-14.7791581,0
99.5,678.63053,405.48053,677.176639,404.026639,49.045,38.4326076,15.576375,22.8562326,37.9986905,14.9853877,23.0133028,0,38.4326076,15.576375,-37.9986905,-14.9853877,0
100,679.21242,406.06242,677.833272,404.683272,49.045,38.8966364,15.9512173,22.9454191,37.9825009,14.8652213,23.1172796,0,38.8966364,15.9512173,-37.9825009,-14.8652213,0
100.5,679.89385,406.74385,678.485535,405.335535,49.045,39.0363742,15.9984534,23.0379208,38.1866846,14.9449157,23.2417689,0,39.0363742,15.9984534,-38.1866846,-14.9449157,0
101,680.67779,407.52779,679.151878,406.001878,49.045,39.2022235,16.0702416,23.1319819,38.0812334,14.8309712,23.2502622,0,39.2022235,16.0702416,-38.0812334,-14.8309712,0
101.5,681.20888,408.05888,679.806018,406.656018,49.045,38.8085766,15.5831944,23.2253822,38.9094651,15.5003857,23.4090794,0,38.8085766,15.5831944,-38.9094651,-15.5003857,0
102,681.83393,408.68393,680.446853,407.296853,49.045,39.2016507,15.887367,23.3142837,37.2660009,13.792788,23.4732129,0,39.2016507,15.887367,-37.2660009,-13.792788,0
102.5,682.42897,409.27897,681.07946,407.92946,49.045,39.3463438,15.9427913,23.4035525,39.1824694,15.5917186,23.5907508,0,39.3463438,15.9427913,-39.1824694,-15.5917186,0
103,683.01575,409.86575,681.707687,408.557687,49.045,39.3765957,15.8834653,23.4931304,38.8945679,15.2264485,23.6681194,0,39.3765957,15.8834653,-38.8945679,-15.2264485,0
103.5,683.67168,410.52168,682.329608,409.179608,49.045,39.6459745,16.0643762,23.5815983,39.3090403,15.5641271,23.7449132,0,39.6459745,16.0643762,-39.3090403,-15.5641271,0
104,684.28484,411.13484,682.957429,409.807429,49.045,39.87009,16.1980789,23.6720111,39.1879733,15.3564604,23.8315129,0,39.87009,16.1980789,-39.1879733,-15.3564604,0
104.5,684.95273,411.80273,683.562942,410.412942,49.045,39.4890761,15.7300537,23.7590224,38.5473841,14.585667,23.9617171,0,39.4890761,15.7300537,-38.5473841,-14.585667,0
105,685.44721,412.29721,684.156571,411.006571,49.045,39.8506576,16.0078143,23.8428433,39.110136,15.1190464,23.9910896,0,39.8506576,16.0078143,-39.110136,-15.1190464,0
105.5,685.94973,412.79973,684.728784,411.578784,49.045,40.2744692,16.3506451,23.9238241,38.7202708,14.6347724,24.0854984,0,40.2744692,16.3506451,-38.7202708,-14.6347724,0
106,686.79547,413.64547,685.295883,412.145883,49.045,40.2498361,16.2432602,24.0065759,39.9709426,15.8342565,24.1366861,0,40.2498361,16.2432602,-39.9709426,-15.8342565,0
106.5,687.40187,414.25187,685.871531,412.721531,49.045,39.8963194,15.8048184,24.091501,38.9941239,14.7534387,24.2406852,0,39.8963194,15.8048184,-38.9941239,-14.7534387,0
107,687.84547,414.69547,686.439497,413.289497,49.045,40.46786,16.2957628,24.1720972,39.9698972,15.6389695,24.3309277,0,40.46786,16.2957628,-39.9698972,-15.6389695,0
107.5,688.38217,415.23217,686.977613,413.827613,49.045,40.7156528,16.4665299,24.2491229,40.0939808,15.6996683,24.3943125,0,40.7156528,16.4665299,-40.0939808,-15.6996683,0
108,688.82667,415.67667,687.523851,414.373851,49.045,40.1411503,15.8099853,24.331165,40.2677974,15.721316,24.5464814,0,40.1411503,15.8099853,-40.2677974,-15.721316,0
108.5,689.32481,416.17481,688.080263,414.930263,49.045,40.5934546,16.1817333,24.4117213,40.0242639,15.4236282,24.6006357,0,40.5934546,16.1817333,-40.0242639,-15.4236282,0
109,689.86502,416.71502,688.621228,415.471228,49.045,40.6950463,16.2043343,24.490712,40.1535461,15.5134832,24.6400629,0,40.6950463,16.2043343,-40.1535461,-15.5134832,0
109.5,690.32445,417.17445,689.156683,416.006683,49.045,40.6279042,16.0582161,24.5696881,40.1235891,15.3996661,24.723923,0,40.6279042,16.0582161,-40.1235891,-15.3996661,0
110,690.86911,417.71911,689.676545,416.526545,49.045,41.2526119,16.6087772,24.6438347,39.5178597,14.7059046,24.8119551,0,41.2526119,16.6087772,-39.5178597,-14.7059046,0
110.5,691.36067,418.21067,690.200298,417.050298,49.045,40.5332383,15.8086701,24.7245682,40.5506097,15.6625726,24.8880371,0,40.5332383,15.8086701,-40.5506097,-15.6625726,0
111,691.88597,418.73597,690.721281,417.571281,49.045,41.3251435,16.525887,24.7992565,39.9563178,15.033448,24.9228698,0,41.3251435,16.525887,-39.9563178,-15.033448,0
111.5,692.41351,419.26351,691.220925,418.070925,49.045,41.6167731,16.7447673,24.8720058,40.7333002,15.7258722,25.007428,0,41.6167731,16.7447673,-40.7333002,-15.7258722,0
112,692.9151,419.7651,691.700601,418.550601,49.045,41.7942601,16.8521771,24.942083,39.8281748,14.7354366,25.0927382,0,41.7942601,16.8521771,-39.8281748,-14.7354366,0
112.5,693.38661,420.23661,692.184323,419.034323,49.045,41.4419385,16.4262111,25.0157274,40.4540692,15.298373,25.1556962,0,41.4419385,16.4262111,-40.4540692,-15.298373,0
113,693.98131,420.83131,692.666338,419.516338,49.045,41.6237226,16.536546,25.0871766,40.8125145,15.6158779,25.1966366,0,41.6237226,16.536546,-40.8125145,-15.6158779,0
113.5,694.48927,421.33927,693.146629,419.996629,49.045,41.896815,16.7379768,25.1588382,41.276207,15.9489047,25.3273023,0,41.896815,16.7379768,-41.276207,-15.9489047,0
114,694.91265,421.76265,693.627336,420.477336,49.045,41.4049074,16.1718509,25.2330565,40.5340657,15.1586684,25.3753973,0,41.4049074,16.1718509,-40.5340657,-15.1586684,0
114.5,695.3447,422.1947,694.104853,420.954853,49.045,41.5227864,16.2185444,25.304242,41.4134906,15.9808734,25.4326172,0,41.5227864,16.2185444,-41.4134906,-15.9808734,0
115,695.82969,422.67969,694.579239,421.429239,49.045,41.4712215,16.095423,25.3757985,40.7648412,15.24529,25.5195512,0,41.4712215,16.095423,-40.7648412,-15.24529,0
115.5,696.17955,423.02955,695.028324,421.878324,49.045,42.3878246,16.9484597,25.4393649,40.4171177,14.8239705,25.5931472,0,42.3878246,16.9484597,-40.4171177,-14.8239705,0
116,696.70616,423.55616,695.481764,422.331764,49.045,42.3890143,16.8800323,25.508982,41.7001506,16.0397789,25.6603717,0,42.3890143,16.8800323,-41.7001506,-16.0397789,0
116.5,697.08409,423.93409,695.910123,422.760123,49.045,42.3296144,16.7563568,25.5732576,42.0367278,16.3119854,25.7247424,0,42.3296144,16.7563568,-42.0367278,-16.3119854,0
117,697.58093,424.43093,696.348525,423.198525,49.045,42.2751331,16.6345122,25.6406209,41.6996956,15.9091592,25.7905364,0,42.2751331,16.6345122,-41.6996956,-15.9091592,0
117.5,698.05943,424.90943,696.79227,423.64227,49.045,42.4202827,16.7125145,25.7077682,41.3290535,15.4540238,25.8750297,0,42.4202827,16.7125145,-41.3290535,-15.4540238,0
118,698.48051,425.33051,697.213202,424.063202,49.045,42.6296994,16.8592018,25.7704976,41.9661206,16.0305927,25.9355279,0,42.6296994,16.8592018,-41.9661206,-16.0305927,0
118.5,698.85789,425.70789,697.622858,424.472858,49.045,42.6240033,16.7911987,25.8328046,41.9906335,15.9647551,26.0258784,0,42.6240033,16.7911987,-41.9906335,-15.9647551,0
119,699.40009,426.25009,698.036273,424.886273,49.045,42.191639,16.2933228,25.8983162,42.1655029,16.1383681,26.0271348,0,42.191639,16.2933228,-42.1655029,-16.1383681,0
119.5,699.71529,426.56529,698.440876,425.290876,49.045,43.0076321,17.0501404,25.9574917,41.3778971,15.2817795,26.0961176,0,43.0076321,17.0501404,-41.3778971,-15.2817795,0
120,700.17249,427.02249,698.815396,425.665396,49.045,43.2166487,17.2033703,26.0132784,43.1149809,16.9500493,26.1649316,0,43.2166487,17.2033703,-43.1149809,-16.9500493,0
120.5,700.54373,427.39373,699.206476,426.056476,49.045,42.8262886,16.7506591,26.0756295,42.2137286,15.9690384,26.2446902,0,42.8262886,16.7506591,-42.2137286,-15.9690384,0
121,700.9543,427.8043,699.601408,426.451408,49.045,42.9730748,16.8369952,26.1360796,42.1450969,15.8270898,26.3180071,0,42.9730748,16.8369952,-42.1450969,-15.8270898,0
121.5,701.2891,428.1391,699.982464,426.832464,49.045,43.2420913,17.0485604,26.1935309,42.8210319,16.473395,26.3476369,0,43.2420913,17.0485604,-42.8210319,-16.473395,0
122,701.53703,428.38703,700.370195,427.220195,49.045,43.2719605,17.0179816,26.2539789,42.91706,16.4881599,26.4289001,0,43.2719605,17.0179816,-42.91706,-16.4881599,0
122.5,702.0539,428.9039,700.754769,427.604769,49.045,43.2622305,16.9478461,26.3143844,42.4094942,15.9415577,26.4679365,0,43.2622305,16.9478461,-42.4094942,-15.9415577,0
123,702.39881,429.24881,701.126531,427.976531,49.045,43.3663451,16.9951772,26.3711679,41.6962599,15.1729425,26.5233174,0,43.3663451,16.9951772,-41.6962599,-15.1729425,0
123.5,702.84073,429.69073,701.490291,428.340291,49.045,43.59147,17.1650993,26.4263707,42.4913086,15.9121117,26.5791969,0,43.59147,17.1650993,-42.4913086,-15.9121117,0
124,703.22001,430.07001,701.831596,428.681596,49.045,43.7753644,17.2976772,26.4776872,42.3699465,15.7156208,26.6543257,0,43.7753644,17.2976772,-42.3699465,-15.7156208,0
124.5,703.64483,430.49483,702.183249,429.033249,49.045,43.7011332,17.167675,26.5334582,43.5312215,16.8512102,26.6800113,0,43.7011332,17.167675,-43.5312215,-16.8512102,0
125,703.97831,430.82831,702.518408,429.368408,49.045,43.6679628,17.0824059,26.5855569,43.038907,16.294349,26.744558,0,43.6679628,17.0824059,-43.038907,-16.294349,0
125.5,704.31751,431.16751,702.86082,429.71082,49.045,43.565677,16.9262401,26.6394369,41.7583383,14.9434058,26.8149325,0,43.565677,16.9262401,-41.7583383,-14.9434058,0
126,704.68634,431.53634,703.21091,430.06091,49.045,43.5513827,16.8561314,26.6952513,44.0741947,17.2123593,26.8618354,0,43.5513827,16.8561314,-44.0741947,-17.2123593,0
126.5,704.94227,431.79227,703.530277,430.380277,49.045,43.9124685,17.1694622,26.7430063,42.1628781,15.2495368,26.9133413,0,43.9124685,17.1694622,-42.1628781,-15.2495368,0
127,705.23657,432.08657,703.852038,430.702038,49.045,44.1105254,17.3179456,26.7925798,43.5324398,16.5890844,26.9433554,0,44.1105254,17.3179456,-43.5324398,-16.5890844,0
127.5,705.53996,432.38996,704.159866,431.009866,49.045,44.0696476,17.2287909,26.8408567,42.4695889,15.456945,27.0126439,0,44.0696476,17.2287909,-42.4695889,-15.456945,0
128,705.76103,432.61103,704.48739,431.33739,49.045,43.9186799,17.024908,26.8937719,43.8055807,16.7158819,27.0896988,0,43.9186799,17.024908,-43.8055807,-16.7158819,0
128.5,706.13623,432.98623,704.816456,431.666456,49.045,44.0704018,17.1251509,26.9452509,43.5585569,16.4277692,27.1307877,0,44.0704018,17.1251509,-43.5585569,-16.4277692,0
129,706.41906,433.26906,705.130485,431.980485,49.045,44.0247453,17.0300978,26.9946475,43.1473928,15.9697257,27.1776671,0,44.0247453,17.0300978,-43.1473928,-15.9697257,0
129.5,706.76825,433.61825,705.435764,432.285764,49.045,44.4166015,17.3752017,27.0413998,42.6830563,15.4950872,27.1879691,0,44.4166015,17.3752017,-42.6830563,-15.4950872,0
130,707.16911,434.01911,705.741905,432.591905,49.045,44.3103736,17.2191621,27.0912115,45.0164532,17.7650407,27.2514125,0,44.3103736,17.2191621,-45.0164532,-17.7650407,0
130.5,707.3697,434.2197,706.068141,432.918141,49.045,43.648674,16.5029286,27.1457454,43.1606009,15.8487182,27.3118827,0,43.648674,16.5029286,-43.1606009,-15.8487182,0
131,707.81815,434.66815,706.369947,433.219947,49.045,44.2645196,17.0749499,27.1895697,42.5731854,15.1973805,27.3758049,0,44.2645196,17.0749499,-42.5731854,-15.1973805,0
131.5,708.07692,434.92692,706.647012,433.497012,49.045,44.926889,17.6959209,27.2309681,44.251825,16.9000096,27.3518154,0,44.926889,17.6959209,-44.251825,-16.9000096,0
132,708.34083,435.19083,706.940862,433.790862,49.045,44.1658545,16.8840371,27.2818174,43.8841241,16.4546091,27.429515,0,44.1658545,16.8840371,-43.8841241,-16.4546091,0
132.5,708.61052,435.46052,707.257625,434.107625,49.045,44.2825797,16.9499469,27.3326328,43.6869332,16.22073,27.4662032,0,44.2825797,16.9499469,-43.6869332,-16.22073,0
133,708.85438,435.70438,707.550536,434.400536,49.045,44.7184504,17.3417218,27.3767286,44.1677172,16.6356461,27.5320711,0,44.7184504,17.3417218,-44.1677172,-16.6356461,0
133.5,709.17535,436.02535,707.834566,434.684566,49.045,44.7204197,17.298937,27.4214827,44.229221,16.6689118,27.5603092,0,44.7204197,17.298937,-44.229221,-16.6689118,0
134,709.49195,436.34195,708.119933,434.969933,49.045,44.5797851,17.1119185,27.4678666,43.6680391,16.0117936,27.6562455,0,44.5797851,17.1119185,-43.6680391,-16.0117936,0
134.5,709.75846,436.60846,708.389395,435.239395,49.045,44.7669478,17.2572279,27.5097199,43.7663215,16.0622558,27.7040657,0,44.7669478,17.2572279,-43.7663215,-16.0622558,0
135,710.04787,436.89787,708.663159,435.513159,49.045,44.7779437,17.2238695,27.5540742,44.4420124,16.7288119,27.7132005,0,44.7779437,17.2238695,-44.4420124,-16.7288119,0
135.5,710.20767,437.05767,708.92272,435.77272,49.045,44.7269286,17.1315115,27.5954171,44.2023037,16.4496967,27.752607,0,44.7269286,17.1315115,-44.2023037,-16.4496967,0
136,710.3967,437.2467,709.194716,436.044716,49.045,44.8792565,17.2401946,27.6390619,43.6978196,15.8575808,27.8402388,0,44.8792565,17.2401946,-43.6978196,-15.8575808,0
136.5,710.71116,437.56116,709.451851,436.301851,49.045,44.929375,17.2497372,27.6796378,44.7952285,16.9729515,27.822277,0,44.929375,17.2497372,-44.7952285,-16.9729515,0
137,710.80046,437.65046,709.716769,436.566769,49.045,45.0460895,17.32372,27.7223695,44.5647594,16.7239331,27.8408263,0,45.0460895,17.32372,-44.5647594,-16.7239331,0
137.5,711.11281,437.96281,709.969366,436.819366,49.045,44.9470047,17.1842019,27.7628028,44.2661523,16.3652893,27.900863,0,44.9470047,17.1842019,-44.2661523,-16.3652893,0
138,711.52081,438.37081,710.224676,437.074676,49.045,45.1920231,17.388669,27.8033541,44.2645899,16.3279299,27.93666,0,45.1920231,17.388669,-44.2645899,-16.3279299,0
138.5,711.87992,438.72992,710.46986,437.31986,49.045,44.9628212,17.1191414,27.8436798,44.2519282,16.264774,27.9871542,0,44.9628212,17.1191414,-44.2519282,-16.264774,0
139,712.13938,438.98938,710.6959,437.5459,49.045,45.8009884,17.9250986,27.8758898,44.0322083,15.9969624,28.0352459,0,45.8009884,17.9250986,-44.0322083,-15.9969624,0
139.5,712.45074,439.30074,710.924483,437.774483,49.045,45.6371252,17.7224559,27.9146693,44.3202124,16.2397531,28.0804593,0,45.6371252,17.7224559,-44.3202124,-16.2397531,0
140,712.59605,439.44605,711.161642,438.011642,49.045,45.387992,17.4341051,27.9538869,43.5486175,15.4289427,28.1196748,0,45.387992,17.4341051,-43.5486175,-15.4289427,0
140.5,712.76335,439.61335,711.388322,438.238322,49.045,45.5549009,17.5654426,27.9894583,45.045028,16.8773144,28.1677136,0,45.5549009,17.5654426,-45.045028,-16.8773144,0
141,712.93333,439.78333,711.615166,438.465166,49.045,45.5693811,17.5433557,28.0260254,45.0829655,16.9061502,28.1768153,0,45.5693811,17.5433557,-45.0829655,-16.9061502,0
141.5,713.17906,440.02906,711.84299,438.69299,49.045,45.619059,17.5556783,28.0633807,45.0854711,16.8682257,28.2172454,0,45.619059,17.5556783,-45.0854711,-16.8682257,0
142,713.47733,440.32733,712.071611,438.921611,49.045,45.516387,17.4145135,28.1018735,45.6308571,17.3784138,28.2524433,0,45.516387,17.4145135,-45.6308571,-17.3784138,0
142.5,713.72949,440.57949,712.289014,439.139014,49.045,46.112274,17.9783456,28.1339284,43.716875,15.4067988,28.3100762,0,46.112274,17.9783456,-43.716875,-15.4067988,0
143,713.80031,440.65031,712.505414,439.355414,49.045,45.7420741,17.5713041,28.17077,44.3092287,15.9555384,28.3536903,0,45.7420741,17.5713041,-44.3092287,-15.9555384,0
143.5,714.02949,440.87949,712.713182,439.563182,49.045,45.6627729,17.4587073,28.2040656,44.8298339,16.4696954,28.3601385,0,45.6627729,17.4587073,-44.8298339,-16.4696954,0
144,714.26765,441.11765,712.930585,439.780585,49.045,45.8039158,17.5635324,28.2403834,44.8875173,16.474518,28.4129993,0,45.8039158,17.5635324,-44.8875173,-16.474518,0
144.5,714.45721,441.30721,713.147673,439.997673,49.045,46.0581761,17.7829359,28.2752402,45.9931766,17.5758361,28.4173405,0,46.0581761,17.7829359,-45.9931766,-17.5758361,0
145,714.81686,441.66686,713.358325,440.208325,49.045,45.5052714,17.1937817,28.3114897,44.8571045,16.3924587,28.4646458,0,45.5052714,17.1937817,-44.8571045,-16.3924587,0
145.5,714.96785,441.81785,713.543351,440.393351,49.045,46.6797718,18.3435474,28.3362244,45.1187939,16.6344019,28.484392,0,46.6797718,18.3435474,-45.1187939,-16.6344019,0
146,715.16815,442.01815,713.72061,440.57061,49.045,45.8904518,17.5222507,28.3682011,45.7143429,17.1958436,28.5184993,0,45.8904518,17.5222507,-45.7143429,-17.1958436,0
146.5,715.39043,442.24043,713.915907,440.765907,49.045,46.1853598,17.7859245,28.3994353,44.6337955,16.0459797,28.5878158,0,46.1853598,17.7859245,-44.6337955,-16.0459797,0
147,715.66865,442.51865,714.131861,440.981861,49.045,45.9103116,17.4732054,28.4371062,45.3488128,16.6928245,28.6559883,0,45.9103116,17.4732054,-45.3488128,-16.6928245,0
147.5,715.63839,442.48839,714.309043,441.159043,49.045,46.2688857,17.8061369,28.4627488,44.2190618,15.6098237,28.6092381,0,46.2688857,17.8061369,-44.2190618,-15.6098237,0
148,715.9142,442.7642,714.501595,441.351595,49.045,46.2151899,17.7193911,28.4957988,45.0777395,16.4294912,28.6482483,0,46.2151899,17.7193911,-45.0777395,-16.4294912,0
148.5,716.04665,442.89665,714.698461,441.548461,49.045,46.2625445,17.7339424,28.5286021,45.8946872,17.1549102,28.739777,0,46.2625445,17.7339424,-45.8946872,-17.1549102,0
149,716.21382,443.06382,714.877176,441.727176,49.045,46.5661413,18.0100872,28.5560541,45.6613078,16.9245862,28.7367216,0,46.5661413,18.0100872,-45.6613078,-16.9245862,0
149.5,716.44987,443.29987,715.052594,441.902594,49.045,46.2864463,17.7010691,28.5853772,45.2263451,16.478975,28.7473701,0,46.2864463,17.7010691,-45.2263451,-16.478975,0
150,716.64956,443.49956,715.227705,442.077705,49.045,46.1746616,17.5603354,28.6143262,45.6086945,16.8376787,28.7710158,0,46.1746616,17.5603354,-45.6086945,-16.8376787,0
150.5,716.92161,443.77161,715.417134,442.267134,49.045,46.0153428,17.3685902,28.6467526,45.5175924,16.7755757,28.7420167,0,46.0153428,17.3685902,-45.5175924,-16.7755757,0
151,717.14243,443.99243,715.584479,442.434479,49.045,45.9992043,17.325206,28.6739983,45.8705705,17.0381219,28.8324486,0,45.9992043,17.325206,-45.8705705,-17.0381219,0
151.5,717.33803,444.18803,715.764555,442.614555,49.045,46.1861432,17.4824259,28.7037173,46.2073258,17.3403838,28.866942,0,46.1861432,17.4824259,-46.2073258,-17.3403838,0
152,717.49828,444.34828,715.931481,442.781481,49.045,46.525991,17.7967724,28.7292186,46.7035356,17.7976988,28.9058368,0,46.525991,17.7967724,-46.7035356,-17.7976988,0
152.5,717.62469,444.47469,716.077265,442.927265,49.045,46.0454718,17.2904698,28.755002,46.5204572,17.5821758,28.9382814,0,46.0454718,17.2904698,-46.5204572,-17.5821758,0
153,717.71734,444.56734,716.265035,443.115035,49.045,46.4731295,17.6873181,28.7858114,44.3914751,15.4282586,28.9632165,0,46.4731295,17.6873181,-44.3914751,-15.4282586,0
153.5,717.90019,444.75019,716.413518,443.263518,49.045,46.818125,18.0104208,28.8077042,44.5574206,15.5667944,28.9906262,0,46.818125,18.0104208,-44.5574206,-15.5667944,0
154,718.14945,444.99945,716.589635,443.439635,49.045,46.1722921,17.3315505,28.8407416,45.9656199,16.9432147,29.0224052,0,46.1722921,17.3315505,-45.9656199,-16.9432147,0
154.5,718.20513,445.05513,716.758951,443.608951,49.045,46.5256487,17.6592892,28.8663595,45.1319822,16.0995001,29.0324821,0,46.5256487,17.6592892,-45.1319822,-16.0995001,0
155,718.46271,445.31271,716.914652,443.764652,49.045,46.9909716,18.1002782,28.8906934,46.1574477,17.1107536,29.0466941,0,46.9909716,18.1002782,-46.1574477,-17.1107536,0
155.5,718.64583,445.49583,717.066436,443.916436,49.045,46.3683619,17.4501668,28.9181951,45.6973845,16.612789,29.0845955,0,46.3683619,17.4501668,-45.6973845,-16.612789,0
156,718.85748,445.70748,717.233844,444.083844,49.045,46.4055186,17.4590753,28.9464433,45.5992157,16.5162405,29.0829752,0,46.4055186,17.4590753,-45.5992157,-16.5162405,0
156.5,718.95306,445.80306,717.383918,444.233918,49.045,47.2646983,18.2974495,28.9672488,45.4478635,16.3546633,29.0932002,0,47.2646983,18.2974495,-45.4478635,-16.3546633,0
157,719.0443,445.8943,717.537971,444.387971,49.045,46.6693618,17.6734919,28.9958699,45.0654696,15.922356,29.1431136,0,46.6693618,17.6734919,-45.0654696,-15.922356,0
157.5,719.26268,446.11268,717.663058,444.513058,49.045,47.386209,18.3741985,29.0120105,46.6215992,17.4441534,29.1774458,0,47.386209,18.3741985,-46.6215992,-17.4441534,0
158,719.35374,446.20374,717.805377,444.655377,49.045,46.9867072,17.9484734,29.0382338,45.3294368,16.1457605,29.1836763,0,46.9867072,17.9484734,-45.3294368,-16.1457605,0
158.5,719.38982,446.23982,717.941222,444.791222,49.045,46.7243805,17.6624201,29.0619604,45.429419,16.2336687,29.1957503,0,46.7243805,17.6624201,-45.429419,-16.2336687,0
159,719.51942,446.36942,718.075763,444.925763,49.045,46.9216035,17.8383513,29.0832522,46.2535382,17.0244519,29.2290863,0,46.9216035,17.8383513,-46.2535382,-17.0244519,0
159.5,719.77331,446.62331,718.209627,445.059627,49.045,47.3404481,18.2358009,29.1046472,46.1402197,16.8653346,29.2748851,0,47.3404481,18.2358009,-46.1402197,-16.8653346,0
160,719.87286,446.72286,718.327683,445.177683,49.045,46.952452,17.8265331,29.1259189,46.0446513,16.7611749,29.2834764,0,46.952452,17.8265331,-46.0446513,-16.7611749,0
160.5,720.00639,446.85639,718.448923,445.298923,49.045,47.1045992,17.9598542,29.144745,45.3972901,16.0582771,29.339013,0,47.1045992,17.9598542,-45.3972901,-16.0582771,0
161,720.10102,446.95102,718.576305,445.426305,49.045,46.7345879,17.5665479,29.16804,46.1635419,16.8085624,29.3549795,0,46.7345879,17.5665479,-46.1635419,-16.8085624,0
161.5,720.29992,447.14992,718.700664,445.550664,49.045,46.9220278,17.7329212,29.1891066,46.2557019,16.8997507,29.3559512,0,46.9220278,17.7329212,-46.2557019,-16.8997507,0
162,720.45567,447.30567,718.87482,445.72482,49.045,46.2411127,17.0195381,29.2215746,46.2386973,16.842453,29.3962443,0,46.2411127,17.0195381,-46.2386973,-16.842453,0
162.5,720.58586,447.43586,719.013538,445.863538,49.045,46.6271182,17.3855621,29.2415561,46.5521809,17.1476817,29.4044992,0,46.6271182,17.3855621,-46.5521809,-17.1476817,0
163,720.69664,447.54664,719.152828,446.002828,49.045,46.8875482,17.6229007,29.2646475,46.5834818,17.1489342,29.4345476,0,46.8875482,17.6229007,-46.5834818,-17.1489342,0
163.5,720.83864,447.68864,719.280392,446.130392,49.045,47.2496342,17.9659622,29.283672,45.4572076,15.9960613,29.4611463,0,47.2496342,17.9659622,-45.4572076,-15.9960613,0
164,721.02475,447.87475,719.399791,446.249791,49.045,47.2692948,17.9657876,29.3035072,46.2419752,16.760764,29.4812112,0,47.2692948,17.9657876,-46.2419752,-16.760764,0
164.5,721.11385,447.96385,719.513507,446.363507,49.045,47.1071635,17.7841599,29.3230036,46.8846402,17.3938329,29.4908073,0,47.1071635,17.7841599,-46.8846402,-17.3938329,0
165,721.23839,448.08839,719.64258,446.49258,49.045,47.1935116,17.848134,29.3453776,46.1107667,16.60458,29.5061867,0,47.1935116,17.848134,-46.1107667,-16.60458,0
165.5,721.26046,448.11046,719.735653,446.585653,49.045,47.6705774,18.3131392,29.3574382,45.6857409,16.1703678,29.5153731,0,47.6705774,18.3131392,-45.6857409,-16.1703678,0
166,721.28483,448.13483,719.826496,446.676496,49.045,47.1830079,17.8087685,29.3742394,46.9614495,17.4172574,29.5441921,0,47.1830079,17.8087685,-46.9614495,-17.4172574,0
166.5,721.45497,448.30497,719.931324,446.781324,49.045,47.5428155,18.1516566,29.3911589,47.3217032,17.8011863,29.5205169,0,47.5428155,18.1516566,-47.3217032,-17.8011863,0
167,721.66844,448.51844,720.032201,446.882201,49.045,47.1395417,17.7299388,29.4096029,47.2112894,17.6424016,29.5688878,0,47.1395417,17.7299388,-47.2112894,-17.6424016,0
167.5,721.60685,448.45685,720.129245,446.979245,49.045,47.3549512,17.9304678,29.4244834,46.6805999,17.0655416,29.6150583,0,47.3549512,17.9304678,-46.6805999,-17.0655416,0
168,721.81734,448.66734,720.245696,447.095696,49.045,47.1757461,17.7293876,29.4463585,46.5297682,16.9146216,29.6151466,0,47.1757461,17.7293876,-46.5297682,-16.9146216,0
168.5,721.85475,448.70475,720.352932,447.202932,49.045,46.8775825,17.4123038,29.4652787,45.7122486,16.1445663,29.5676823,0,46.8775825,17.4123038,-45.7122486,-16.1445663,0
169,722.03121,448.88121,720.469734,447.319734,49.045,47.1712859,17.6868927,29.4843932,46.5988198,16.9434465,29.6553733,0,47.1712859,17.6868927,-46.5988198,-16.9434465,0
169.5,722.12919,448.97919,720.572623,447.422623,49.045,47.4167024,17.9168393,29.4998631,46.0700045,16.400983,29.6690215,0,47.4167024,17.9168393,-46.0700045,-16.400983,0
170,722.19869,449.04869,720.686394,447.536394,49.045,47.1283727,17.6081797,29.520193,46.7260263,17.0450912,29.6809351,0,47.1283727,17.6081797,-46.7260263,-17.0450912,0
170.5,722.17202,449.02202,720.780989,447.630989,49.045,47.5934156,18.0591075,29.5343081,48.1768713,18.4745003,29.702371,0,47.5934156,18.0591075,-48.1768713,-18.4745003,0
171,722.25269,449.10269,720.894742,447.744742,49.045,47.3848035,17.8299227,29.5548808,45.7982882,16.0705093,29.7277789,0,47.3848035,17.8299227,-45.7982882,-16.0705093,0
171.5,722.3738,449.2238,720.992112,447.842112,49.045,47.8507266,18.2823368,29.5683898,46.2595837,16.5274222,29.7321615,0,47.8507266,18.2823368,-46.2595837,-16.5274222,0
172,722.40396,449.25396,721.078453,447.928453,49.045,47.5286773,17.9443409,29.5843364,46.6191819,16.8632747,29.7559072,0,47.5286773,17.9443409,-46.6191819,-16.8632747,0
172.5,722.45269,449.30269,721.178702,448.028702,49.045,47.4422293,17.8400607,29.6021686,46.4790166,16.7745063,29.7045103,0,47.4422293,17.8400607,-46.4790166,-16.7745063,0
173,722.52198,449.37198,721.265825,448.115825,49.045,47.7110484,18.095618,29.6154304,46.7814083,17.0158642,29.7655441,0,47.7110484,18.095618,-46.7814083,-17.0158642,0
173.5,722.69685,449.54685,721.348372,448.198372,49.045,47.7087239,18.0797598,29.6289641,46.1440357,16.3206908,29.8233449,0,47.7087239,18.0797598,-46.1440357,-16.3206908,0
174,722.72769,449.57769,721.443466,448.293466,49.045,47.5391135,17.8927281,29.6463854,47.0247247,17.2224543,29.8022704,0,47.5391135,17.8927281,-47.0247247,-17.2224543,0
174.5,722.70627,449.55627,721.532952,448.382952,49.045,47.9485026,18.2889234,29.6595792,46.7694459,16.9647813,29.8046646,0,47.9485026,18.2889234,-46.7694459,-16.9647813,0
175,722.88502,449.73502,721.595247,448.445247,49.045,48.0061856,18.3372035,29.6689821,48.1474787,18.3285653,29.8189134,0,48.0061856,18.3372035,-48.1474787,-18.3285653,0
175.5,722.96372,449.81372,721.678406,448.528406,49.045,47.4229741,17.7369631,29.686011,45.7912591,15.9540122,29.8372469,0,47.4229741,17.7369631,-45.7912591,-15.9540122,0
176,722.94043,449.79043,721.765833,448.615833,49.045,48.4203724,18.7223958,29.6979766,47.2350394,17.36093,29.8741094,0,48.4203724,18.7223958,-47.2350394,-17.36093,0
176.5,723.02221,449.87221,721.869178,448.719178,49.045,47.5449512,17.8254504,29.7195008,46.3406038,16.4812149,29.8593889,0,47.5449512,17.8254504,-46.3406038,-16.4812149,0
177,723.051,449.901,721.969667,448.819667,49.045,47.7055159,17.9698132,29.7357027,46.384633,16.4999565,29.8846765,0,47.7055159,17.9698132,-46.384633,-16.4999565,0
177.5,723.33259,450.18259,722.050397,448.900397,49.045,47.6905766,17.9418834,29.7486932,45.8033708,15.9072353,29.8961355,0,47.6905766,17.9418834,-45.8033708,-15.9072353,0
178,723.40641,450.25641,722.115155,448.965155,49.045,47.8479886,18.0902271,29.7577615,47.1553418,17.2310999,29.9242419,0,47.8479886,18.0902271,-47.1553418,-17.2310999,0
178.5,723.63409,450.48409,722.187305,449.037305,49.045,47.7089715,17.9371412,29.7718303,47.7878486,17.8550275,29.9328211,0,47.7089715,17.9371412,-47.7878486,-17.8550275,0
179,723.7559,450.6059,722.270814,449.120814,49.045,47.5067774,17.719878,29.7868994,46.818817,16.8828315,29.9359855,0,47.5067774,17.719878,-46.818817,-16.8828315,0
179.5,723.7786,450.6286,722.360035,449.210035,49.045,47.4164549,17.6143813,29.8020736,47.4925256,17.5329162,29.9596094,0,47.4164549,17.6143813,-47.4925256,-17.5329162,0
180,723.95531,450.80531,722.457643,449.307643,49.045,47.5090345,17.6897677,29.8192668,47.1375401,17.1537493,29.9837908,0,47.5090345,17.6897677,-47.1375401,-17.1537493,0
